ID,Name,Year,Course,RollNo,Branch,Gender,Events
1087,MBA,First,MBA,1728007,MBA,Male,1)4x100m Inter-deptt.Relay Race
1086,MBA,First,MBA,1728006,MBA,Male,1)4x100m Inter-deptt.Relay Race
1085,MBA,First,MBA,1728001,MBA,Male,1)4x100m Inter-deptt.Relay Race
1084,MBA,First,MBA,1728045,MBA,Male,1)4x100m Inter-deptt.Relay Race
1081,IT,Third,Btech,1507911,IT,Male,1)4x100m Inter-deptt.Relay Race
1080,IT,Second,Btech,1607112,IT,Male,1)4x100m Inter-deptt.Relay Race
1079,EE,Fourth,Btech,1411046,EE,Male,1)4x100m Inter-deptt.Relay Race
1078,ME,First,Btech,1706962,ME,Male,1)4x100m Inter-deptt.Relay Race
1076,CSE,First,Btech,1706443,CSE,Female,1)4x100m Inter-deptt.Relay Race
1075,ECE,Third,Btech,1607072,ECE,Female,1)4x100m Inter-deptt.Relay Race
1074,ECE,Third,Btech,1607062,ECE,Female,1)4x100m Inter-deptt.Relay Race
1073,MCA,First,MCA,1707404,MCA,Female,1)4x100m Inter-deptt.Relay Race
1071,MCA,First,MCA,1707415,MCA,Female,1)4x100m Inter-deptt.Relay Race
1070,CE,Fourth,Btech,1411002,CE,Female,1)4x100m Inter-deptt.Relay Race
1069,CE,Second,Btech,1614396,CE,Female,1)4x100m Inter-deptt.Relay Race
1067,CE,Third,B.Tech,1506322,CE,Female,"1)Tug of War Semi-final,2)undefined"
1066,CSE,Fourth,Btech,1410883,CSE,Female,1)4x100m Inter-deptt.Relay Race
1065,MBA,First,MBA,1728044,MBA,Female,1)4x100m Inter-deptt.Relay Race
1064,MBA,First,MBA,1728038,MBA,Female,1)4x100m Inter-deptt.Relay Race
1063,MBA,First,MBA,1728039,MBA,Female,1)4x100m Inter-deptt.Relay Race
1062,MBA,First,MBA,1728023,MBA,Female,1)4x100m Inter-deptt.Relay Race
1061,ECE,Third,B.Tech,1507853,ECE,Male,"1)800m Final,2)400m Heats,3)4x100m Inter-deptt.Relay Race"
1059,IT,Third,Btech,1507941,IT,Female,1)Shot put final
1058,IT,Third,Btech,1507933,IT,Female,1)Shot put final
1057,IT,Third,Btech,1507943,IT,Female,1)Shot put final
1056,IT,Third,Btech,1507915,IT,Female,1)Shot put final
1055,CSE,Third,B.Tech,1507558,CSE,Female,"1)200m Heats,2)Shot put final"
1054,CSE,First,Btech,1706465,CSE,Female,1)Shot put final
1052,CSE,Third,Btech,1507579,CSE,Female,1)800m Final
1051,CSE,Fourth,Btech,1410831,CSE,Female,1)800m Final
1050,CSE,Fourth,Btech,1410825,CSE,Female,1)800m Final
1048,CE,Second,Btech,1606563,CE,Female,"1)200m Heats,2)Shot put final"
1047,CSE,First,Btech,1706449,CSE,Female,1)200m Heats
1046,CSE,Third,Btech,1507590,CSE,Female,"1)200m Heats,2)Shot put final"
1045,CSE,Second,Btech,1706569,CSE,Female,1)Shot put final
1044,ME,First,Btech,1706943,ME,Male,1)200m Heats
1043,CSE,Third,Btech,1508356,CSE,Female,"1)Hammer Throw Final,2)Shot put final"
1042,CSE,First,B.Tech,1706433,CSE,Female,"1)Discus Throw,2)Long Jump,3)4x100m Inter-deptt.Relay Race"
1041,ME,Third,Btech,1508075,ME,Male,"1)200m Heats,2)Long Jump"
1040,CSE,Second,Btech,1606693,CSE,Male,1)800m Final
1039,ME,Fourth,Btech,1508454,ME,Male,"1)800m Final,2)110m Hurdles Heat"
1038,CSE,Second,Btech,1606759,CSE,Female,1)3000 final
1036,EE,Fourth,Btech,1508369,EE,Male,1)Hammer Throw Final
1033,CSE,First,B.Tech,1706436,CSE,Female,"1)3000 final,2)200m Heats,3)Shot put final,4)4x100m Inter-deptt.Relay Race"
1031,CSE,First,B.Tech,1706410,CSE,Female,"1)Shot put final,2)Long Jump,3)4x100m Inter-deptt.Relay Race"
1030,IT,First,Btech,1706863,IT,Female,1)Shot put final
1029,CE,Fourth,Btech,1500830,CE,Male,1)Long Jump
1026,EE,Fourth,Btech,1411040,EE,Female,"1)200m Heats,2)4x100m Inter-deptt.Relay Race"
1025,CSE,Second,Btech,1606700,CSE,Male,"1)200m Final,2)1500mts Final,3)Hammer Throw Final,4)Shot put final,5)Long Jump,6)Tug of War Prelims"
1024,PE,Second,Btech,1607443,PE,Male,"1)1500mts Final,2)1500mts Final,3)Discuss Throw,4)Long Jump"
1023,CE,Third,Btech,1606601,CE,Female,"1)100mts Heats,2)Javelin Throw,3)Shot put final,4)100mts Heats,5)Discus Throw,6)Javelin Throw"
1022,ME,Second,B.Tech,1707124,ME,Female,"1)Discus Throw,2)Javelin Throw,3)4x100m Inter-deptt.Relay Race,4)4x100m Inter-deptt.Relay Race"
1021,ME,Fourth,Btech,1411517,ME,Male,"1)Hammer Throw Final,2)Discuss Throw"
1020,CSE,Third,Btech,1507640,CSE,Male,1)100mts Heats
1019,IT,Third,Btech,1507969,IT,Male,1)100mts Heats
1018,CSE,Third,Btech,1507693,CSE,Male,1)100mts Heats
1017,EE,Fourth,B.Tech,1411010,EE,Female,"1)100mts Heats,2)200m Heats,3)Shot put final"
1016,ME,Fourth,Btech,1411349,ME,Male,1)100mts Heats
1015,IT,Second,Btech,1607139,IT,Female,"1)Shot put final,2)Long Jump"
1014,EE,Second,Btech,1606895,EE,Male,"1)Discuss Throw,2)Shot put final"
1013,IT,Second,Btech,1607146,IT,Male,"1)Discuss Throw,2)Shot put final"
1012,CSE,Second,B.Tech,1606712,CSE,Female,"1)200m Heats,2)Long Jump,3)Tug of War Prelims"
1011,IT,Second,Btech,1607136,IT,Female,"1)Shot put final,2)Tug of War Prelims"
1009,IT,Second,Btech,1607166,IT,Male,1)100mts Heats
1008,EE,First,Btech,1706636,EE,Male,1)5000m Final
1007,IT,Fourth,Btech,1411238,IT,Female,"1)Discus Throw,2)Tug of war Final"
1006,PE,Fourth,Btech,1508488,PE,Male,1)200m Heats
1005,IT,Fourth,Btech,1411233,IT,Female,"1)Discus Throw,2)Tug of War Prelims"
1004,CE,Fourth,Btech,1410582,CE,Male,1)Discuss Throw
1003,CE,Fourth,Btech,1410626,CE,Male,1)Shot put final
1002,ME,Fourth,Btech,1411382,ME,Male,"1)Discuss Throw,2)Shot put final"
1001,EE,Third,Btech,1507724,EE,Male,1)Shot put final
1000,MBA,Second,MBA,1628048,MBA,Male,"1)5000m Final,2)Long Jump,3)4x100m Inter-deptt.Relay Race"
999,EE,First,Btech,1706643,EE,Male,"1)100mts Heats,2)Long Jump"
998,CSE,Third,Btech,1507591,CSE,Male,1)4x100m Inter-deptt.Relay Race
997,EE,First,Btech,1706658,EE,Male,1)100mts Heats
996,CSE,Third,B.Tech,1507581,CSE,Male,"1)800m Final,2)110m Hurdles Heat"
995,CSE,Second,Btech,1606688,CSE,Female,1)Tug of War Prelims
994,CSE,Third,Btech,1507556,CSE,Male,1)4x100m Inter-deptt.Relay Race
993,CSE,Second,Btech,1606718,CSE,Female,1)Tug of War Prelims
992,CSE,Second,Btech,1606707,CSE,Female,1)Tug of War Prelims
991,ME,Third,Btech,1508149,ME,Male,"1)110m Hurdles Heat,2)4*400m Inter-deptt. Relay Race,3)5000m Final"
990,CSE,Second,Btech,1606722,CSE,Female,1)Tug of War Prelims
989,CSE,Third,Btech,1507631,CSE,Female,"1)400m Final,2)200m Heats"
988,ME,Fourth,Btech,1411397,ME,Male,"1)800m Final,2)Long Jump"
987,CSE,Second,Btech,1606752,CSE,Female,"1)200m Heats,2)Tug of War Prelims"
986,PE,Second,Btech,1607449,PE,Male,"1)4*400m Inter-deptt. Relay Race,2)400m Heats,3)Long Jump"
985,ME,Fourth,Btech,1411418,ME,Male,"1)800m Final,2)Shot put final,3)Long Jump"
984,CSE,Third,B.Tech,1507626,CSE,Female,"1)400m Final,2)800m Final,3)Triple Jump,4)4x100m Inter-deptt.Relay Race"
983,IT,Second,Btech,1607089,IT,Female,"1)Long Jump,2)Tug of War Prelims"
982,IT,Second,Btech,1607090,IT,Female,"1)Shot put final,2)Long Jump"
981,IT,Second,Btech,1607099,IT,Female,"1)Shot put final,2)Tug of War Prelims"
980,PE,Fourth,Btech,1508484,PE,Male,"1)Shot put final,2)Long Jump"
979,IT,Second,Btech,1607132,IT,Male,1)Shot put final
978,CSE,Second,Btech,1606711,CSE,Female,"1)200m Heats,2)Tug of War Prelims"
977,EE,Second,Btech,1606867,EE,Male,1)200m Heats
976,CSE,Second,Btech,1606758,CSE,Female,1)Tug of War Prelims
975,ECE,Second,Btech,1706810,ECE,Male,1)200m Heats
974,EE,Second,Btech,1606880,EE,Male,"1)400m Heats,2)200m Heats"
973,EE,Second,Btech,1606838,EE,Male,"1)Javelin Throw,2)Long Jump,3)400m Heats"
972,ECE,First,Btech,1706705,ECE,Female,"1)Tug of War Prelims,2)4x100m Inter-deptt.Relay Race"
971,CSE,Second,Btech,1606657,CSE,Female,"1)Tug of war Final,2)Shot put final"
970,EE,Second,Btech,1606870,EE,Male,"1)4*400m Inter-deptt. Relay Race,2)400m Heats,3)200m Heats"
969,ECE,Second,Btech,1706799,ECE,Male,1)200m Heats
968,CSE,Second,Btech,1606702,CSE,Female,"1)Tug of war Final,2)Shot put final"
967,CSE,Second,Btech,1606768,CSE,Female,1)Tug of War Prelims
966,CSE,Second,Btech,1606747,CSE,Female,1)Tug of War Prelims
965,EE,Third,Btech,1507708,EE,Male,"1)100mts Heats,2)200m Heats,3)4x100m Inter-deptt.Relay Race"
963,PE,Second,Btech,1607434,PE,Male,1)100mts Heats
962,CSE,Second,Btech,1606695,CSE,Male,"1)200m Heats,2)Javelin Throw,3)Long Jump"
961,MCA,Second,MCA,1707396,MCA,Male,"1)1500mts Final,2)1500mts Final,3)Javelin Throw"
960,ECE,First,Btech,1706775,ECE,Male,"1)100mts Heats,2)400m Heats"
959,IT,First,Btech,1706865,IT,Male,"1)100mts Heats,2)Shot put final"
958,ME,Fourth,Btech,1508451,ME,Male,1)100mts Heats
957,CE,Second,Btech,1606552,CE,Male,1)100mts Heats
956,ME,Second,Btech,1607287,ME,Female,1)4x100m Inter-deptt.Relay Race
955,CSE,Third,Btech,1507690,CSE,Male,1)4x100m Inter-deptt.Relay Race
954,ECE,Third,Btech,1607043,ECE,Male,1)5000m Final
953,ME,Fourth,Btech,1411414,ME,Male,"1)Discuss Throw,2)Javelin Throw"
951,CE,Third,Btech,1507415,CE,Male,1)Shot put final
950,CE,Third,Btech,1606619,CE,Female,"1)100mts Heats,2)High Jump,3)4x100m Inter-deptt.Relay Race"
949,MBA,First,MBA,1707378,MBA,Female,"1)100mts Heats,2)Shot put final"
948,ME,Third,Btech,1508161,ME,Male,"1)100mts Heats,2)4x100m Inter-deptt.Relay Race"
947,EE,Third,Btech,1507696,EE,Male,"1)100mts Heats,2)Long Jump,3)4x100m Inter-deptt.Relay Race"
946,ME,Third,B.Tech,1508145,ME,Male,"1)110m Hurdles Heat,2)400m Hurdle Final,3)4x100m Inter-deptt.Relay Race"
945,CE,First,Btech,1706272,CE,Male,"1)10,000m Final,2)Javelin Throw,3)5000m Final"
944,ME,Second,Btech,1607347,ME,Male,"1)100mts Heats,2)200m Heats,3)Long Jump"
943,CSE,Third,Btech,1507632,CSE,Male,"1)Discuss Throw,2)200m Heats,3)Long Jump"
942,ME,First,Btech,1707058,ME,Male,1)100mts Heats
941,MBA,First,MBA,1707348,MBA,Female,"1)Discus Throw,2)Javelin Throw"
940,ECE,Third,Btech,1507819,ECE,Male,"1)110m Hurdles Heat,2)400m Heats,3)Discuss Throw,4)4x100m Inter-deptt.Relay Race"
939,PE,Third,Btech,1508265,PE,Male,1)100mts Heats
938,ECE,Third,Btech,1507830,ECE,Male,"1)800m Final,2)400m Heats,3)4x100m Inter-deptt.Relay Race"
936,ME,Third,Btech,1508202,ME,Male,"1)Shot put final,2)4x100m Inter-deptt.Relay Race"
935,ME,Second,Btech,1607343,ME,Male,"1)800m Final,2)High Jump,3)Triple Jump"
934,CE,Third,B.Tech,1507488,CE,Female,"1)100mts Heats,2)Javelin Throw,3)Shot put final,4)4x100m Inter-deptt.Relay Race"
933,ECE,Third,Btech,1507790,ECE,Male,"1)100mts Heats,2)Discuss Throw,3)Long Jump,4)4x100m Inter-deptt.Relay Race"
932,CE,First,Btech,1706209,CE,Male,"1)100mts Heats,2)400m Heats"
931,ME,Third,Btech,1508102,ME,Male,"1)Discuss Throw,2)200m Heats,3)Long Jump,4)4x100m Inter-deptt.Relay Race"
930,ECE,Third,Btech,1507794,ECE,Male,"1)100mts Heats,2)Discuss Throw,3)4x100m Inter-deptt.Relay Race"
929,ME,Third,Btech,1508168,ME,Male,"1)400m Heats,2)Shot put final,3)4x100m Inter-deptt.Relay Race"
928,CE,Third,Btech,1507454,CE,Female,"1)Javelin Throw,2)Shot put final"
927,CE,First,Btech,1706194,CE,Male,"1)100mts Heats,2)400m Heats"
926,ME,Third,Btech,1508158,ME,Male,"1)400m Heats,2)Shot put final,3)4x100m Inter-deptt.Relay Race"
925,ME,Fourth,Btech,1411374,ME,Male,"1)800m Final,2)Discuss Throw,3)4x100m Inter-deptt.Relay Race"
924,ME,Second,Btech,1607358,ME,Male,"1)400m Heats,2)Long Jump"
923,CSE,Third,Btech,1507951,CSE,Male,"1)Hammer Throw Final,2)200m Heats,3)Long Jump"
922,ECE,Third,Btech,1507808,ECE,Male,"1)100mts Heats,2)Discuss Throw,3)Long Jump,4)4x100m Inter-deptt.Relay Race"
921,ECE,Third,Btech,1507793,ECE,Male,"1)Discuss Throw,2)Long Jump,3)4x100m Inter-deptt.Relay Race"
920,ME,Fourth,Btech,1508460,ME,Male,"1)100mts Heats,2)Discuss Throw,3)Javelin Throw,4)4x100m Inter-deptt.Relay Race"
919,ME,Third,Btech,1508155,ME,Male,"1)400m Heats,2)Discuss Throw,3)4x100m Inter-deptt.Relay Race"
918,IT,First,Btech,1706872,IT,Female,"1)400m Final,2)Javelin Throw,3)Long Jump"
917,IT,First,Btech,1706843,IT,Female,"1)400m Final,2)Javelin Throw,3)Long Jump"
916,CSE,Third,Btech,1541449,CSE,Male,"1)Hammer Throw Final,2)Long Jump"
915,ECE,Third,Btech,1507826,ECE,Male,"1)Discuss Throw,2)Long Jump,3)4x100m Inter-deptt.Relay Race"
914,ME,Fourth,Btech,1411359,ME,Male,"1)100mts Heats,2)Long Jump,3)4x100m Inter-deptt.Relay Race"
912,ECE,First,Btech,1706726,ECE,Female,1)Tug of War Prelims
911,ECE,Third,Btech,1507822,ECE,Male,"1)High Jump,2)Long Jump,3)4x100m Inter-deptt.Relay Race"
910,CE,Fourth,Btech,1410627,CE,Male,1)Shot put final
909,ME,Second,Btech,1607377,ME,Male,"1)110m Hurdles Heat,2)5000m Final"
908,ME,Third,Btech,1508120,ME,Male,1)Shot put final
906,CE,Fourth,Btech,1410618,CE,Male,1)Shot put final
904,ME,Third,Btech,1508064,ME,Male,"1)100mts Heats,2)Long Jump,3)4x100m Inter-deptt.Relay Race"
903,ME,Third,Btech,1508143,ME,Male,1)Shot put final
902,CE,Fourth,Btech,1410612,CE,Male,"1)Javelin Throw,2)Shot put final"
901,CE,Second,Btech,1606528,CE,Male,"1)High Jump,2)Javelin Throw"
900,MCA,Second,MCA,1707417,MCA,Male,"1)1500mts Final,2)1500mts Final,3)High Jump"
899,CE,Second,Btech,1606520,CE,Male,"1)High Jump,2)Javelin Throw"
898,IT,Second,Btech,1607159,IT,Female,"1)Shot put final,2)Tug of War Prelims,3)4x100m Inter-deptt.Relay Race"
897,ME,Second,Btech,1707121,ME,Male,"1)10,000m Final,2)Discuss Throw,3)5000m Final"
896,EE,Third,Btech,1606921,EE,Male,"1)10,000m Final,2)5000m Final"
895,CSE,Third,Btech,1507655,CSE,Male,1)Javelin Throw
894,CSE,Second,Btech,1606769,CSE,Female,"1)100mts Heats,2)Tug of War Prelims"
893,CE,Second,Btech,1606538,CE,Male,"1)400m Heats,2)200m Heats"
892,ME,Fourth,Btech,1411392,ME,Male,"1)High Jump,2)Javelin Throw"
891,PE,Second,Btech,1607432,PE,Male,1)Shot put final
890,CE,Fourth,Btech,1410689,CE,Male,"1)10,000m Final,2)5000m Final"
889,IT,Fourth,Btech,1411263,IT,Male,"1)High Jump,2)Shot put final"
888,CSE,Second,Btech,1607167,CSE,Female,"1)Discus Throw,2)Tug of war Final,3)4x100m Inter-deptt.Relay Race"
887,CE,Second,Btech,1606529,CE,Male,"1)400m Heats,2)Javelin Throw,3)Long Jump"
886,IT,Second,Btech,1706911,IT,Female,1)Shot put final
884,CSE,Third,Btech,1507615,CSE,Female,1)400m Final
883,IT,Second,Btech,1706923,IT,Female,1)Shot put final
882,ME,Second,Btech,1607200,ME,Male,"1)400m Heats,2)Long Jump"
881,ME,Third,Btech,1508162,ME,Male,"1)High Jump,2)Shot put final"
879,IT,Second,Btech,1607119,IT,Female,"1)Discus Throw,2)Shot put final"
878,ECE,Fourth,Btech,1411112,ECE,Male,1)Long Jump
877,ME,Second,Btech,1607329,ME,Male,1)100mts Heats
876,MCA,Second,MCA,1707394,MCA,Male,1)Javelin Throw
875,CSE,Second,Btech,1606782,CSE,Female,"1)200m Heats,2)Tug of War Prelims,3)4x100m Inter-deptt.Relay Race"
874,CE,First,Btech,1706251,CE,Male,1)100mts Heats
873,CSE,Third,Btech,1507637,CSE,Male,"1)110m Hurdles Heat,2)100mts Heats"
872,EE,Third,Btech,1507749,EE,Female,"1)100mts Heats,2)Discus Throw,3)4x100m Inter-deptt.Relay Race"
871,CE,Third,Btech,1507408,CE,Male,"1)Discuss Throw,2)Shot put final,3)Tug of War Prelims"
870,EE,Second,Btech,1606891,EE,Female,1)Tug of War Prelims
869,CE,Third,Btech,1507457,CE,Male,"1)Javelin Throw,2)Shot put final"
868,EE,Fourth,Btech,1410999,EE,Male,"1)400m Heats,2)High Jump"
867,EE,Third,Btech,1507706,EE,Female,"1)100mts Heats,2)Discus Throw,3)4x100m Inter-deptt.Relay Race"
866,CSE,Third,Btech,1507583,CSE,Male,1)100mts Heats
865,CE,First,Btech,1706296,CE,Male,"1)100mts Heats,2)400m Heats"
864,CSE,Second,Btech,1606757,CSE,Female,1)Tug of War Prelims
863,EE,Fourth,Btech,1411088,EE,Male,"1)10,000m Final,2)5000m Final,3)Long Jump"
862,EE,Third,Btech,1507739,EE,Female,"1)100mts Heats,2)Discus Throw,3)4x100m Inter-deptt.Relay Race"
861,CSE,Third,Btech,1507585,CSE,Male,"1)100mts Heats,2)Shot put final"
860,IT,Second,Btech,1607160,IT,Female,"1)Tug of war Final,2)Long Jump,3)4x100m Inter-deptt.Relay Race"
859,CE,Second,Btech,1606564,CE,Male,1)400m Heats
858,CE,Fourth,Btech,1508322,CE,Female,"1)4*400m Inter-deptt. Relay Race,2)Discus Throw,3)High Jump,4)100m Hurdles Final"
857,ECE,Third,Btech,1507845,ECE,Male,1)100mts Heats
856,EE,Third,Btech,1507743,EE,Female,"1)100mts Heats,2)Discus Throw,3)4x100m Inter-deptt.Relay Race"
855,PE,Second,Btech,1607459,PE,Female,"1)Tug of War Prelims,2)4x100m Inter-deptt.Relay Race"
854,CE,Second,B.Tech,1607196,CE,Male,"1)100mts Heats,2)200m Heats,3)Javelin Throw,4)4x100m Inter-deptt.Relay Race"
853,CSE,Third,Btech,1507605,CSE,Male,"1)100mts Heats,2)400m Heats"
852,CE,Second,B.Tech,1606610,CE,Female,"1)4*400m Inter-deptt. Relay Race,2)Discus Throw,3)200m Heats,4)Javelin Throw,5)4x100m Inter-deptt.Relay Race"
851,ECE,Third,Btech,1507825,ECE,Female,1)Shot put final
850,CE,Second,Btech,1606403,CE,Male,1)400m Heats
849,CSE,Third,Btech,1606793,CSE,Female,"1)Discus Throw,2)Triple Jump,3)4x100m Inter-deptt.Relay Race"
848,EE,Third,B.Tech,1507746,EE,Female,"1)100mts Heats,2)4*400m Inter-deptt. Relay Race,3)Triple Jump,4)4x100m Inter-deptt.Relay Race"
847,ME,Fourth,Btech,1508445,ME,Male,1)Javelin Throw
846,PE,Second,Btech,1607433,PE,Male,"1)100mts Heats,2)200m Heats"
845,CSE,Third,Btech,1606792,CSE,Female,"1)Discus Throw,2)Triple Jump,3)4x100m Inter-deptt.Relay Race"
844,CE,Second,Btech,1606424,CE,Male,1)400m Heats
843,CE,Third,Btech,1660591,CE,Female,"1)100mts Heats,2)Discus Throw,3)Javelin Throw"
842,ECE,Third,Btech,1507789,ECE,Female,1)Shot put final
841,CSE,Third,Btech,1606790,CSE,Female,"1)Discus Throw,2)Triple Jump,3)4x100m Inter-deptt.Relay Race"
840,CE,First,Btech,1706224,CE,Male,1)Shot put final
839,CE,Third,Btech,1507425,CE,Female,"1)100mts Heats,2)Discus Throw,3)Javelin Throw"
838,IT,Second,Btech,1607111,IT,Female,"1)Discus Throw,2)Shot put final"
837,CSE,Third,Btech,1507814,CSE,Female,"1)Discus Throw,2)Triple Jump,3)4x100m Inter-deptt.Relay Race"
836,ME,Third,Btech,1508148,ME,Male,"1)Discuss Throw,2)Shot put final"
835,CE,Second,Btech,1607455,CE,Male,"1)100mts Heats,2)400m Heats"
834,CE,Third,Btech,1507430,CE,Female,"1)Discus Throw,2)Javelin Throw"
833,CE,Third,Btech,1507479,CE,Female,1)100mts Heats
832,ME,Fourth,Btech,1411420,ME,Male,"1)100mts Heats,2)Discuss Throw,3)Long Jump"
831,ME,Fourth,Btech,1411416,ME,Male,"1)100mts Heats,2)Discuss Throw,3)Javelin Throw"
830,ME,Third,Btech,1507777,ME,Female,"1)Discus Throw,2)Triple Jump,3)4x100m Inter-deptt.Relay Race"
829,ECE,Third,Btech,1607054,ECE,Female,"1)Discus Throw,2)Javelin Throw"
828,CE,Second,Btech,1606425,CE,Male,1)400m Heats
827,ME,Fourth,Btech,1411391,ME,Male,"1)100mts Heats,2)Discuss Throw,3)Long Jump"
826,ME,Third,Btech,1508193,ME,Female,"1)Triple Jump,2)100m Hurdles Final,3)4x100m Inter-deptt.Relay Race"
825,ECE,Third,Btech,1507829,ECE,Female,"1)Triple Jump,2)Javelin Throw"
824,ME,Third,Btech,1508091,ME,Male,"1)Discuss Throw,2)Shot put final"
822,PE,Second,Btech,1607436,PE,Male,1)Shot put final
821,EE,Third,Btech,1606923,EE,Female,"1)Discus Throw,2)Triple Jump,3)4x100m Inter-deptt.Relay Race"
820,ECE,Second,Btech,1606968,ECE,Female,"1)Discus Throw,2)Tug of War Prelims,3)4x100m Inter-deptt.Relay Race"
819,CE,Second,Btech,1606557,CE,Male,1)400m Heats
818,CSE,Second,Btech,1606636,CSE,Male,"1)100mts Heats,2)200m Heats,3)1500mts Final,4)200m Heats"
817,ECE,Third,B.Tech,1507880,ECE,Female,"1)4*400m Inter-deptt. Relay Race,2)Discus Throw,3)Shot put final,4)4x100m Inter-deptt.Relay Race"
816,IT,Second,Btech,1607080,IT,Male,"1)Discuss Throw,2)Shot put final"
815,EE,Third,Btech,1507562,EE,Female,"1)Discus Throw,2)Triple Jump,3)4x100m Inter-deptt.Relay Race"
814,CE,Third,Btech,1507521,CE,Male,"1)100mts Heats,2)400m Heats,3)Javelin Throw"
813,CSE,Second,Btech,1706575,CSE,Female,"1)100mts Heats,2)Shot put final,3)Tug of War Prelims"
812,PE,Second,Btech,1607446,PE,Male,1)Shot put final
811,ECE,Third,Btech,1507873,ECE,Female,"1)Discus Throw,2)Shot put final,3)Tug of War Prelims"
810,ECE,Third,Btech,1507824,ECE,Female,"1)Discus Throw,2)Triple Jump,3)4x100m Inter-deptt.Relay Race"
809,CSE,Second,Btech,1706556,CSE,Female,"1)100mts Heats,2)Discus Throw,3)Tug of War Prelims"
808,PE,Second,Btech,1607440,PE,Male,"1)100mts Heats,2)Shot put final"
807,CE,Third,Btech,1507367,CE,Male,1)Javelin Throw
806,ME,Fourth,Btech,1411408,ME,Male,"1)Javelin Throw,2)Tug of War Prelims"
805,IT,Second,Btech,1607129,IT,Female,"1)Shot put final,2)Long Jump"
804,ECE,First,Btech,1706790,ECE,Female,"1)Discus Throw,2)Tug of War Prelims"
803,PE,Second,Btech,1607431,PE,Male,1)Shot put final
802,IT,Second,Btech,1607151,IT,Male,"1)100mts Heats,2)Shot put final"
801,IT,Second,Btech,1607084,IT,Female,"1)100mts Heats,2)Shot put final"
800,CE,First,Btech,1706145,CE,Male,"1)100mts Heats,2)200m Heats,3)Long Jump"
799,PE,Second,Btech,1607421,PE,Male,1)Shot put final
798,ECE,Third,Btech,1507792,ECE,Female,"1)Discus Throw,2)Triple Jump,3)Tug of War Prelims"
797,EE,Third,B.Tech,1606918,EE,Female,"1)High Jump,2)Triple Jump,3)100m Hurdles Final,4)4x100m Inter-deptt.Relay Race"
796,CE,Second,Btech,1507505,CE,Male,"1)Javelin Throw,2)Shot put final,3)Tug of War Prelims"
795,ECE,Third,Btech,1607040,ECE,Female,"1)Discus Throw,2)Triple Jump,3)Tug of War Prelims"
794,ME,First,Btech,1707079,ME,Male,1)400m Heats
793,CSE,Fourth,B.Tech,1410817,CSE,Female,"1)Long Jump,2)4x100m Inter-deptt.Relay Race"
792,CSE,Third,B.Tech,1507561,CSE,Female,"1)800m Final,2)Discus Throw,3)Tug of war Final,4)Javelin Throw"
791,EE,Third,Btech,1507784,EE,Male,"1)Discuss Throw,2)Javelin Throw"
790,CE,Second,Btech,1606478,CE,Female,"1)100mts Heats,2)Tug of War Prelims"
789,ECE,Second,Btech,1607094,ECE,Male,"1)100mts Heats,2)Discuss Throw,3)Shot put final"
788,CE,Second,Btech,1606460,CE,Female,"1)100mts Heats,2)Tug of War Prelims"
787,CSE,Second,Btech,1706561,CSE,Male,1)Javelin Throw
786,ME,Fourth,Btech,1411381,ME,Male,"1)100mts Heats,2)Shot put final,3)Long Jump"
785,IT,Second,Btech,1607102,IT,Male,"1)100mts Heats,2)Discuss Throw,3)Shot put final"
784,CSE,Fourth,Btech,1410855,CSE,Female,"1)100mts Heats,2)Triple Jump"
783,ECE,Third,Btech,1507852,ECE,Male,"1)800m Final,2)400m Heats,3)Shot put final"
782,CSE,Fourth,B.Tech,1410836,CSE,Female,"1)Shot put final,2)Tug of War Prelims"
781,IT,Second,Btech,1607088,IT,Male,"1)100mts Heats,2)Discuss Throw,3)Shot put final"
780,ECE,First,Btech,1706721,ECE,Female,1)Tug of War Prelims
779,CE,Third,Btech,1507498,CE,Male,1)100mts Heats
778,CE,Third,Btech,1507515,CE,Male,"1)100mts Heats,2)Tug of War Prelims"
777,CSE,Fourth,B.Tech,1410848,CSE,Female,"1)Shot put final,2)Tug of War Prelims"
776,IT,Second,B.Tech,1607093,IT,Male,"1)100mts Heats,2)Discuss Throw,3)Shot put final,4)4x100m Inter-deptt.Relay Race"
775,IT,Second,Btech,1607082,IT,Male,"1)100mts Heats,2)Discuss Throw,3)Shot put final"
774,CE,Third,Btech,1507412,CE,Male,1)100mts Heats
773,IT,Second,Btech,1607152,IT,Female,1)Shot put final
772,CSE,Second,Btech,1606648,CSE,Male,"1)100mts Heats,2)400m Heats"
771,IT,Second,Btech,1607145,IT,Male,"1)Long Jump,2)400m Heats"
770,IT,Second,Btech,1607164,IT,Female,1)Shot put final
769,IT,Second,B.Tech,1607078,IT,Male,"1)100mts Heats,2)Discuss Throw,3)Shot put final,4)4x100m Inter-deptt.Relay Race"
768,EE,Second,Btech,1706677,EE,Male,1)Shot put final
767,IT,First,Btech,1706871,IT,Male,1)Shot put final
766,IT,Second,Btech,1607158,IT,Female,1)Long Jump
765,CE,Third,Btech,1507378,CE,Male,1)Shot put final
764,IT,First,Btech,1706860,IT,Male,1)400m Heats
763,EE,Second,Btech,1706680,EE,Male,1)Shot put final
762,IT,First,Btech,1706827,IT,Male,"1)100mts Heats,2)4x100m Inter-deptt.Relay Race"
761,CE,Second,Btech,1606452,CE,Female,"1)Javelin Throw,2)Tug of War Prelims"
760,CSE,Third,B.Tech,1507653,CSE,Male,"1)100mts Heats,2)200m Heats,3)4x100m Inter-deptt.Relay Race"
759,ECE,Third,Btech,1507805,ECE,Female,"1)Discus Throw,2)Shot put final,3)Tug of War Prelims"
758,IT,First,Btech,1706854,IT,Male,1)100mts Heats
757,CSE,Third,Btech,1507567,CSE,Male,"1)100mts Heats,2)Tug of War Prelims,3)4x100m Inter-deptt.Relay Race"
755,CE,Third,Btech,1507500,CE,Male,"1)Discuss Throw,2)Javelin Throw"
754,IT,First,Btech,1706858,IT,Male,"1)100mts Heats,2)400m Heats"
753,ECE,Third,Btech,1507881,ECE,Female,"1)Discus Throw,2)Tug of war Final,3)Shot put final"
752,EE,Second,Btech,1706686,EE,Male,1)Shot put final
751,CE,Third,Btech,1507535,CE,Male,"1)Discuss Throw,2)Javelin Throw"
750,CSE,Fourth,Btech,1410842,CSE,Female,"1)Javelin Throw,2)Shot put final"
749,ECE,Third,Btech,1507813,ECE,Male,1)Shot put final
747,CE,First,Btech,1706311,CE,Male,1)Javelin Throw
746,PE,Second,Btech,1707187,PE,Male,"1)100mts Heats,2)400m Heats"
745,ECE,Third,Btech,1507799,ECE,Male,"1)200m Heats,2)4x100m Inter-deptt.Relay Race"
744,CSE,Fourth,Btech,1410844,CSE,Female,"1)Javelin Throw,2)Shot put final"
743,ME,Third,Btech,1508083,ME,Male,"1)100mts Heats,2)Discuss Throw"
742,CE,Second,Btech,1606543,CE,Male,"1)400m Heats,2)200m Heats"
740,CE,Third,Btech,1507534,CE,Male,"1)Discuss Throw,2)Shot put final"
739,ME,Second,Btech,1607302,ME,Male,"1)100mts Heats,2)200m Heats"
738,EE,Third,Btech,1507713,EE,Male,1)100mts Heats
737,CSE,Third,Btech,1606806,CSE,Female,1)Discus Throw
736,PE,Third,B.Tech,1607470,PE,Male,"1)100mts Heats,2)4x100m Inter-deptt.Relay Race"
735,PE,Second,Btech,1707199,PE,Male,1)400m Heats
734,ME,First,Btech,1707105,ME,Male,1)400m Heats
733,ME,First,Btech,1707070,ME,Male,1)400m Heats
731,CSE,Third,B.Tech,1606800,CSE,Female,"1)Triple Jump,2)100m Hurdles Final,3)Long Jump,4)4x100m Inter-deptt.Relay Race"
730,CE,Third,Btech,1507483,CE,Male,1)200m Heats
729,ME,Second,Btech,1607297,ME,Male,"1)100mts Heats,2)200m Heats"
728,CE,Third,Btech,1507490,CE,Male,1)200m Heats
727,CSE,Third,Btech,1507633,CSE,Male,"1)100mts Heats,2)Tug of War Prelims,3)4x100m Inter-deptt.Relay Race"
726,ME,First,Btech,1707075,ME,Male,1)400m Heats
725,EE,First,Btech,1706576,EE,Male,1)400m Heats
724,CE,Second,Btech,1606459,CE,Female,"1)100mts Heats,2)Discus Throw,3)Tug of War Prelims"
723,CE,First,Btech,1706333,CE,Male,"1)100mts Heats,2)High Jump,3)Javelin Throw"
722,CSE,Third,Btech,1507570,CSE,Male,"1)100mts Heats,2)Tug of War Prelims,3)4x100m Inter-deptt.Relay Race"
720,ME,First,Btech,1707064,ME,Male,"1)400m Heats,2)200m Heats"
719,ME,First,Btech,1707084,ME,Male,"1)200m Heats,2)Shot put final,3)Long Jump,4)Tug of War Prelims"
718,CE,Second,Btech,1606481,CE,Female,"1)100mts Heats,2)Discus Throw,3)Tug of War Prelims"
717,CE,First,Btech,1706290,CE,Male,"1)110m Hurdles Heat,2)100mts Heats,3)Long Jump"
716,CE,Third,Btech,1507362,CE,Male,1)100mts Heats
715,ME,Third,Btech,1508089,ME,Male,"1)100mts Heats,2)Javelin Throw"
714,CE,Third,Btech,1507391,CE,Male,1)100mts Heats
712,ECE,Second,Btech,1606967,ECE,Male,"1)Discuss Throw,2)Shot put final"
711,ME,First,Btech,1707106,ME,Male,"1)Long Jump,2)4x100m Inter-deptt.Relay Race"
710,IT,Second,Btech,1607104,IT,Male,"1)100mts Heats,2)100mts Heats,3)Shot put final,4)Long Jump,5)Tug of War Prelims"
709,EE,Third,Btech,1507736,EE,Male,"1)100mts Heats,2)4x100m Inter-deptt.Relay Race"
708,PE,Third,Btech,1607490,PE,Male,1)100mts Heats
707,ME,Third,Btech,1508037,ME,Male,"1)100mts Heats,2)200m Heats,3)4x100m Inter-deptt.Relay Race"
706,ME,First,Btech,1707110,ME,Male,1)4x100m Inter-deptt.Relay Race
705,PE,Second,Btech,1607450,PE,Male,"1)100mts Heats,2)200m Heats,3)Javelin Throw"
704,EE,Third,Btech,1507703,EE,Male,"1)100mts Heats,2)4x100m Inter-deptt.Relay Race"
703,ME,Fourth,Btech,1508468,ME,Male,1)800m Final
702,EE,Third,Btech,1507717,EE,Male,"1)Shot put final,2)Long Jump"
701,ME,Fourth,Btech,1411386,ME,Male,1)100mts Heats
700,CE,First,Btech,1706242,CE,Male,1)100mts Heats
699,ECE,First,Btech,1706765,ECE,Male,1)100mts Heats
698,ME,First,Btech,1707094,ME,Male,1)4x100m Inter-deptt.Relay Race
697,EE,Third,Btech,1507728,EE,Male,"1)100mts Heats,2)4x100m Inter-deptt.Relay Race"
696,IT,Third,Btech,1607170,IT,Male,"1)800m Final,2)400m Heats"
695,ME,First,Btech,1707097,ME,Male,"1)100mts Heats,2)Long Jump,3)4x100m Inter-deptt.Relay Race"
694,EE,First,B.Tech,1706648,EE,Male,"1)100mts Heats,2)High Jump,3)400m Hurdle Final,4)Long Jump"
693,IT,Third,Btech,1507889,IT,Male,"1)100mts Heats,2)4x100m Inter-deptt.Relay Race"
692,CE,First,Btech,1706247,CE,Male,1)Long Jump
690,ME,Third,Btech,1508073,ME,Male,"1)Discuss Throw,2)Tug of War Prelims,3)4x100m Inter-deptt.Relay Race"
689,ECE,First,Btech,1706754,ECE,Male,"1)100mts Heats,2)200m Heats"
688,ME,Second,Btech,1607348,ME,Male,1)200m Heats
687,ME,Fourth,Btech,1411427,ME,Male,"1)100mts Heats,2)Discuss Throw,3)200m Heats,4)4x100m Inter-deptt.Relay Race"
686,PE,Third,Btech,1607472,PE,Male,"1)4*400m Inter-deptt. Relay Race,2)100mts Heats,3)Shot put final"
685,EE,First,Btech,1706592,EE,Male,"1)100mts Heats,2)400m Heats,3)Javelin Throw,4)Tug of War Prelims"
684,CE,Third,Btech,1507434,CE,Male,1)400m Heats
683,ME,Third,Btech,1607409,ME,Male,"1)10,000m Final,2)5000m Final"
682,PE,Second,Btech,1607439,PE,Male,"1)1500mts Final,2)1500mts Final,3)Discuss Throw,4)Long Jump"
681,ME,Third,Btech,1508253,ME,Male,"1)100mts Heats,2)4x100m Inter-deptt.Relay Race"
680,ME,Third,Btech,1508097,ME,Male,1)Javelin Throw
679,CE,Third,Btech,1606599,CE,Male,"1)400m Heats,2)Long Jump"
678,EE,First,Btech,1706667,EE,Male,"1)100mts Heats,2)400m Heats,3)High Jump,4)Tug of War Prelims"
677,ME,Second,Btech,1607289,ME,Male,"1)100mts Heats,2)High Jump"
676,ME,Third,Btech,1508197,ME,Male,"1)Discuss Throw,2)Javelin Throw"
675,PE,Third,Btech,1607488,PE,Male,"1)Hammer Throw Final,2)Shot put final"
674,ME,Second,Btech,1607193,ME,Male,1)Long Jump
673,EE,Second,Btech,1606839,EE,Male,1)Shot put final
672,ME,Third,Btech,1508188,ME,Male,"1)Discuss Throw,2)Javelin Throw"
671,ME,Third,Btech,1508178,ME,Male,"1)100mts Heats,2)4x100m Inter-deptt.Relay Race"
670,CSE,Second,Btech,1706562,CSE,Male,"1)Javelin Throw,2)Shot put final"
669,ME,Second,Btech,1607290,ME,Male,1)100mts Heats
668,CE,Third,Btech,1507426,CE,Male,"1)400m Heats,2)Javelin Throw"
667,IT,Second,Btech,1607163,IT,Female,"1)200m Heats,2)Tug of War Prelims,3)4x100m Inter-deptt.Relay Race"
666,IT,Third,Btech,1507960,IT,Male,"1)100mts Heats,2)400m Heats,3)100mts Heats,4)200m Heats,5)Shot put final"
665,ME,Fourth,Btech,1411371,ME,Male,"1)100mts Heats,2)Shot put final,3)Long Jump"
664,CE,Third,Btech,1507450,CE,Female,"1)Discus Throw,2)Shot put final"
663,IT,Second,Btech,1606881,IT,Female,"1)200m Heats,2)Tug of War Prelims,3)4x100m Inter-deptt.Relay Race"
662,PE,Third,Btech,1508231,PE,Male,"1)100mts Heats,2)High Jump,3)200m Heats"
661,ECE,Second,Btech,1606995,ECE,Male,"1)Shot put final,2)Long Jump"
660,ECE,Fourth,B.Tech,1411152,ECE,Male,"1)100mts Heats,2)Shot put final,3)Long Jump"
659,CE,Third,Btech,1507369,CE,Female,"1)Discus Throw,2)Shot put final"
658,CE,Third,Btech,1606627,CE,Male,"1)100mts Heats,2)Discuss Throw,3)Javelin Throw"
657,CSE,Second,Btech,1706558,CSE,Female,"1)Discus Throw,2)Javelin Throw,3)Tug of War Prelims"
656,ME,Third,Btech,1508259,ME,Male,"1)100mts Heats,2)Long Jump,3)4x100m Inter-deptt.Relay Race"
655,PE,Third,Btech,1508225,PE,Male,"1)100mts Heats,2)High Jump,3)200m Heats"
654,CSE,Second,Btech,1606655,CSE,Female,"1)400m Final,2)4*400m Inter-deptt. Relay Race,3)200m Heats"
652,CSE,Second,Btech,1706563,CSE,Female,"1)Javelin Throw,2)Tug of War Prelims"
651,ECE,Fourth,Btech,1411165,ECE,Male,"1)Discuss Throw,2)Shot put final"
650,CE,Third,Btech,1606607,CE,Male,"1)100mts Heats,2)200m Heats,3)Long Jump"
649,CSE,Second,Btech,1706552,CSE,Female,"1)Discus Throw,2)Javelin Throw,3)Tug of War Prelims"
648,PE,Third,B.Tech,1508246,PE,Male,"1)4*400m Inter-deptt. Relay Race,2)100mts Heats,3)4x100m Inter-deptt.Relay Race"
647,IT,Second,Btech,1706918,IT,Female,"1)Javelin Throw,2)Long Jump,3)Tug of War Prelims"
646,ME,Fourth,Btech,1411369,ME,Male,1)Discuss Throw
645,CE,First,Btech,1706219,CE,Male,"1)800m Final,2)400m Heats"
644,IT,Second,Btech,1706925,IT,Female,"1)Discus Throw,2)Shot put final,3)Tug of War Prelims"
643,CE,Second,Btech,1606579,CE,Male,"1)100mts Heats,2)High Jump,3)200m Heats"
642,CE,Second,Btech,1606417,CE,Male,"1)100mts Heats,2)High Jump,3)Long Jump"
641,ME,Fourth,Btech,1411355,ME,Male,"1)Discuss Throw,2)Shot put final"
640,CE,First,Btech,1706260,CE,Male,"1)200m Heats,2)Long Jump"
639,CE,Third,Btech,1507504,CE,Male,1)Shot put final
638,ME,First,Btech,1707054,ME,Male,1)400m Heats
637,ME,First,B.Tech,1707004,ME,Male,"1)800m Final,2)400m Heats,3)4x100m Inter-deptt.Relay Race"
636,IT,Second,Btech,1706914,IT,Female,"1)100mts Heats,2)Long Jump,3)Tug of War Prelims"
635,CE,First,Btech,1706198,CE,Male,1)Shot put final
634,IT,Third,Btech,1607172,IT,Male,"1)800m Final,2)400m Heats"
632,ME,Second,Btech,1607284,ME,Male,"1)100mts Heats,2)200m Heats,3)Shot put final"
631,ME,First,Btech,1707049,ME,Male,1)400m Heats
630,CE,Third,Btech,1507509,CE,Male,"1)200m Heats,2)Shot put final,3)Long Jump"
629,CSE,Second,MCA,1707414,CSE,Female,"1)800m Final,2)100mts Heats,3)Tug of War Prelims,4)4x100m Inter-deptt.Relay Race"
628,IT,Third,Btech,1507928,IT,Male,"1)100mts Heats,2)200m Heats"
627,CSE,Fourth,B.Tech,1410838,CSE,Female,"1)800m Final,2)100mts Heats,3)Tug of war Final,4)Shot put final"
626,ECE,Third,Btech,1507836,ECE,Male,1)High Jump
624,IT,Third,Btech,1507922,IT,Male,"1)100mts Heats,2)200m Heats"
623,ME,Third,Btech,1507858,ME,Male,"1)100mts Heats,2)Long Jump,3)Tug of War Prelims"
622,ME,First,Btech,1707060,ME,Male,"1)Javelin Throw,2)Long Jump"
621,IT,Third,B.Tech,1607183,IT,Male,"1)800m Final,2)110m Hurdles Heat,3)400m Heats"
620,IT,Third,Btech,1507927,IT,Male,"1)100mts Heats,2)200m Heats"
619,MCA,Second,MCA,1707395,MCA,Female,"1)100mts Heats,2)Tug of War Prelims"
618,ME,Second,Btech,1607234,ME,Male,"1)Shot put final,2)Long Jump"
617,IT,Third,Btech,1507920,IT,Male,"1)100mts Heats,2)200m Heats"
616,ME,Third,Btech,1508185,ME,Male,1)100mts Heats
615,ME,Second,Btech,1607214,ME,Male,"1)800m Final,2)5000m Final"
614,CSE,Second,MCA,1707403,CSE,Female,"1)800m Final,2)100mts Heats,3)Tug of War Prelims,4)4x100m Inter-deptt.Relay Race"
613,ME,Second,Btech,1607365,ME,Male,"1)Shot put final,2)Long Jump"
612,EE,Second,Btech,1606878,EE,Male,"1)Long Jump,2)4x100m Inter-deptt.Relay Race"
611,ME,Third,Btech,1508212,ME,Male,"1)200m Heats,2)Javelin Throw,3)Long Jump"
610,PE,Third,Btech,1508226,PE,Male,"1)100mts Heats,2)4x100m Inter-deptt.Relay Race"
609,CE,First,Btech,1706288,CE,Male,"1)100mts Heats,2)400m Heats"
608,EE,Third,Btech,1606940,EE,Male,"1)100mts Heats,2)Triple Jump,3)Long Jump"
607,ME,Third,Btech,1508219,ME,Male,1)100mts Heats
606,ECE,First,Btech,1706727,ECE,Male,"1)100mts Heats,2)400m Heats"
605,ME,Third,Btech,1508244,ME,Male,1)100mts Heats
604,EE,Fourth,B.Tech,1411028,EE,Male,"1)110m Hurdles Heat,2)100mts Heats,3)High Jump,4)4x100m Inter-deptt.Relay Race"
603,CE,First,Btech,1706283,CE,Male,"1)100mts Heats,2)400m Heats"
602,ECE,First,Btech,1706711,ECE,Male,"1)100mts Heats,2)400m Heats"
601,PE,Third,Btech,1607468,PE,Male,"1)100mts Heats,2)200m Heats,3)Long Jump"
600,CE,Third,Btech,1606527,CE,Male,"1)100mts Heats,2)200m Heats,3)Long Jump"
599,ME,Second,Btech,1607374,ME,Male,1)400m Heats
598,EE,Third,Btech,1507786,EE,Male,"1)Discuss Throw,2)Long Jump"
597,ECE,Second,Btech,1607011,ECE,Male,"1)Shot put final,2)5000m Final"
596,ME,Fourth,B.Tech,1411509,ME,Male,"1)110m Hurdles Heat,2)100mts Heats,3)Long Jump,4)4x100m Inter-deptt.Relay Race"
595,ECE,First,Btech,1706703,ECE,Male,"1)100mts Heats,2)400m Heats"
594,CSE,Second,Btech,1606436,CSE,Male,"1)400m Heats,2)Javelin Throw"
593,ME,Third,Btech,1508165,ME,Male,"1)10,000m Final,2)5000m Final,3)Long Jump"
592,CSE,Second,Btech,1606744,CSE,Male,"1)100mts Heats,2)400m Heats,3)Long Jump"
591,CE,First,Btech,1706326,CE,Male,"1)Discuss Throw,2)Javelin Throw"
590,CE,First,Btech,1706164,CE,Male,"1)100mts Heats,2)Shot put final,3)Long Jump"
589,IT,Second,Btech,1607135,IT,Male,1)Javelin Throw
588,CE,Third,Btech,1507441,CE,Male,1)100mts Heats
586,ME,First,Btech,1707095,ME,Male,1)100mts Heats
585,CE,Third,Btech,1507447,CE,Male,1)100mts Heats
584,ME,Third,Btech,1508186,ME,Male,"1)100mts Heats,2)Discuss Throw,3)200m Heats"
582,EE,Second,Btech,1606826,EE,Male,"1)110m Hurdles Heat,2)400m Heats,3)Long Jump"
581,CSE,Second,Btech,1606762,CSE,Male,"1)100mts Heats,2)400m Heats"
579,ECE,Third,Btech,1507839,ECE,Male,"1)100mts Heats,2)200m Heats,3)4x100m Inter-deptt.Relay Race"
578,CSE,Third,Btech,1507658,CSE,Male,"1)100mts Heats,2)Long Jump,3)4*400m Inter-deptt. Relay Race"
576,CE,Second,Btech,1606443,CE,Male,1)400m Heats
575,CSE,Second,Btech,1706571,CSE,Male,"1)Javelin Throw,2)110m Hurdles Final"
574,PE,Third,Btech,1508257,PE,Male,"1)100mts Heats,2)200m Heats,3)4x100m Inter-deptt.Relay Race"
573,MBA,First,MBA,1707353,MBA,Male,"1)Discuss Throw,2)Shot put final,3)4x100m Inter-deptt.Relay Race"
572,EE,Third,Btech,1507768,EE,Male,"1)100mts Heats,2)Long Jump"
571,CE,First,Btech,1706241,CE,Male,"1)400m Heats,2)4x100m Inter-deptt.Relay Race"
570,ME,Third,Btech,1508173,ME,Male,"1)100mts Heats,2)Discuss Throw,3)200m Heats"
569,ME,Third,Btech,1507851,ME,Male,"1)100mts Heats,2)200m Heats,3)4x100m Inter-deptt.Relay Race"
568,IT,Second,Btech,1607141,IT,Male,1)Javelin Throw
567,CE,First,Btech,1706246,CE,Male,"1)400m Heats,2)4x100m Inter-deptt.Relay Race"
566,ME,Third,Btech,1508084,ME,Male,"1)100mts Heats,2)200m Heats,3)Long Jump,4)4x100m Inter-deptt.Relay Race"
565,IT,Second,Btech,1607211,IT,Male,"1)100mts Heats,2)High Jump,3)400m Heats"
564,CE,Third,Btech,1606606,CE,Male,"1)Shot put final,2)Tug of War Prelims"
563,CSE,Second,Btech,1706565,CSE,Male,1)100mts Heats
562,MBA,First,MBA,1707346,MBA,Male,"1)100mts Heats,2)200m Heats"
561,PE,Second,Btech,1607420,PE,Male,"1)800m Final,2)Discuss Throw,3)Javelin Throw"
560,ME,Second,Btech,1607322,ME,Male,"1)100mts Heats,2)Long Jump"
559,CE,Third,Btech,1507366,CE,Male,1)5000m Final
558,ME,Third,Btech,1508147,ME,Male,"1)100mts Heats,2)Discuss Throw,3)200m Heats"
557,CSE,Third,Btech,1507648,CSE,Male,"1)100mts Heats,2)Long Jump,3)4x100m Inter-deptt.Relay Race"
556,ME,Second,Btech,1607337,ME,Male,"1)100mts Heats,2)Shot put final"
555,CE,First,Btech,1706155,CE,Male,"1)100mts Heats,2)200m Heats"
554,ECE,Second,Btech,1606994,ECE,Male,1)100mts Heats
553,ME,Third,Btech,1607393,ME,Male,1)100mts Heats
552,ME,Second,Btech,1607339,ME,Male,"1)100mts Heats,2)200m Heats,3)4x100m Inter-deptt.Relay Race"
550,CE,Second,Btech,1706348,CE,Male,1)Javelin Throw
549,CE,Second,Btech,1606434,CE,Male,"1)Javelin Throw,2)Shot put final,3)Tug of War Prelims"
548,ME,Third,Btech,1607398,ME,Male,1)100mts Heats
547,CE,Second,Btech,1606472,CE,Male,1)Long Jump
546,CE,Second,Btech,1606490,CE,Male,"1)100mts Heats,2)200m Heats"
545,CE,First,Btech,1706300,CE,Male,"1)100mts Heats,2)200m Heats"
544,ME,Third,Btech,1508071,ME,Male,"1)100mts Heats,2)200m Heats,3)4x100m Inter-deptt.Relay Race"
543,CE,Third,Btech,1606620,CE,Male,1)400m Heats
542,CE,Second,Btech,1706359,CE,Male,"1)110m Hurdles Heat,2)Discuss Throw,3)400m Heats"
541,CSE,Third,Btech,1507687,CSE,Male,"1)1500mts Final,2)100mts Heats"
540,ME,Third,Btech,1507803,ME,Male,"1)100mts Heats,2)200m Heats,3)4x100m Inter-deptt.Relay Race"
539,CE,Second,Btech,1606499,CE,Male,"1)100mts Heats,2)200m Heats,3)Javelin Throw"
538,IT,Second,Btech,1607110,IT,Male,"1)100mts Heats,2)200m Heats,3)Shot put final,4)4x100m Inter-deptt.Relay Race"
537,CE,Second,Btech,1606418,CE,Male,"1)10,000m Final,2)5000m Final,3)Long Jump"
536,IT,Third,Btech,1507901,IT,Male,"1)800m Final,2)400m Heats"
535,IT,Third,Btech,1507890,IT,Male,"1)800m Final,2)400m Heats"
534,CE,First,Btech,1706239,CE,Male,"1)100mts Heats,2)4x100m Inter-deptt.Relay Race"
533,CE,Second,Btech,1606430,CE,Male,1)Tug of War Prelims
531,CE,Second,Btech,1606409,CE,Male,"1)10,000m Final,2)High Jump,3)5000m Final"
530,ME,Third,Btech,1507809,ME,Male,"1)100mts Heats,2)200m Heats,3)4x100m Inter-deptt.Relay Race"
529,IT,First,Btech,1706836,IT,Male,"1)100mts Heats,2)400m Heats"
528,ME,Third,Btech,1507354,ME,Male,"1)100mts Heats,2)200m Heats"
527,CSE,Third,Btech,1507689,CSE,Male,"1)100mts Heats,2)200m Heats,3)Long Jump"
526,IT,Third,Btech,1507884,IT,Male,"1)100mts Heats,2)200m Heats,3)Long Jump"
525,IT,First,Btech,1706868,IT,Male,"1)400m Heats,2)Tug of War Prelims"
524,ME,Fourth,Btech,1411409,ME,Male,1)100mts Heats
523,IT,Second,Btech,1607225,IT,Male,"1)100mts Heats,2)Long Jump"
522,CE,Third,Btech,1507375,CE,Male,"1)100mts Heats,2)200m Heats,3)Long Jump"
521,CSE,Second,Btech,1706546,CSE,Male,"1)Discuss Throw,2)Javelin Throw"
520,PE,Second,Btech,1607467,PE,Male,"1)110m Hurdles Heat,2)100mts Heats,3)High Jump"
519,ME,Fourth,Btech,1411350,ME,Male,1)100mts Heats
518,ME,Third,Btech,1607418,ME,Male,1)100mts Heats
517,ME,Fourth,Btech,1411085,ME,Male,1)110m Hurdles Final
516,EE,Second,Btech,1606856,EE,Male,"1)100mts Heats,2)200m Heats,3)Long Jump,4)4x100m Inter-deptt.Relay Race"
515,ME,Third,Btech,1607406,ME,Male,"1)100mts Heats,2)5000m Final"
514,ME,Second,Btech,1606914,ME,Male,"1)100mts Heats,2)Discuss Throw,3)200m Heats"
513,ME,Fourth,Btech,1411367,ME,Male,1)100mts Heats
512,CE,Third,Btech,1507381,CE,Male,"1)Discuss Throw,2)200m Heats,3)Shot put final"
511,EE,Second,Btech,1606834,EE,Male,1)Long Jump
510,PE,Second,Btech,1607452,PE,Male,"1)100mts Heats,2)400m Heats"
509,CE,Third,Btech,1507390,CE,Male,1)400m Heats
508,ME,Third,Btech,1508172,ME,Male,"1)Triple Jump,2)Long Jump,3)4x100m Inter-deptt.Relay Race"
507,IT,Third,Btech,1607173,IT,Male,1)Shot put final
506,ME,First,Btech,1707050,ME,Male,"1)110m Hurdles Heat,2)High Jump"
505,IT,Second,Btech,1607087,IT,Male,"1)Discuss Throw,2)Shot put final"
504,ME,Third,Btech,1508059,ME,Male,"1)100mts Heats,2)200m Heats,3)4x100m Inter-deptt.Relay Race"
503,CSE,Second,Btech,1706550,CSE,Male,"1)100mts Heats,2)Long Jump"
501,ME,Second,Btech,1607462,ME,Male,"1)400m Heats,2)Discuss Throw,3)200m Heats"
500,EE,First,Btech,1706615,EE,Male,1)Long Jump
499,CSE,Second,Btech,1706553,CSE,Male,"1)100mts Heats,2)Long Jump"
498,CE,First,Btech,1706302,CE,Female,1)100mts Heats
497,ME,Third,Btech,1507807,ME,Male,"1)100mts Heats,2)200m Heats,3)4x100m Inter-deptt.Relay Race"
496,IT,Second,Btech,1607147,IT,Male,"1)100mts Heats,2)Long Jump"
495,ECE,Second,Btech,1606990,ECE,Male,"1)Discuss Throw,2)Shot put final,3)Tug of War Prelims"
494,ME,Third,Btech,1508229,ME,Male,"1)110m Hurdles Heat,2)100mts Heats,3)4x100m Inter-deptt.Relay Race"
493,PE,Second,Btech,1631066,PE,Male,"1)100mts Heats,2)4x100m Inter-deptt.Relay Race"
492,ECE,Second,Btech,1607004,ECE,Male,"1)Discuss Throw,2)Shot put final,3)Tug of War Prelims"
491,EE,Second,Btech,1706673,EE,Male,"1)100mts Heats,2)400m Heats"
490,CSE,Fourth,B.Tech,1410873,CSE,Female,"1)100mts Heats,2)200m Heats,3)Long Jump,4)4x100m Inter-deptt.Relay Race"
489,CSE,Third,Btech,1507657,CSE,Male,"1)Long Jump,2)4x100m Inter-deptt.Relay Race"
488,CE,First,Btech,1706295,CE,Male,1)400m Heats
487,ME,Third,Btech,1508260,ME,Male,"1)100mts Heats,2)200m Heats,3)4x100m Inter-deptt.Relay Race"
486,CSE,Second,Btech,1606645,CSE,Male,"1)400m Heats,2)High Jump,3)Long Jump,4)4x100m Inter-deptt.Relay Race"
485,PE,Second,Btech,1607466,PE,Male,"1)400m Heats,2)Discuss Throw,3)Long Jump"
484,PE,Second,Btech,1607458,PE,Male,"1)100mts Heats,2)200m Heats,3)4x100m Inter-deptt.Relay Race"
483,ME,Third,Btech,1508065,ME,Male,"1)100mts Heats,2)200m Heats,3)Long Jump"
482,CE,Second,Btech,1606516,CE,Male,"1)100mts Heats,2)200m Heats,3)Long Jump"
481,EE,Second,Btech,1706698,EE,Male,1)5000m Final
480,EE,Second,Btech,1706693,EE,Male,"1)400m Heats,2)High Jump"
479,ME,Third,Btech,1607419,ME,Male,"1)100mts Heats,2)Long Jump"
478,ECE,Second,Btech,1607030,ECE,Male,"1)100mts Heats,2)400m Heats"
477,CSE,Third,Btech,1507662,CSE,Male,"1)800m Final,2)Long Jump"
476,ECE,Second,Btech,1606975,ECE,Male,"1)Discuss Throw,2)Shot put final,3)Tug of War Prelims"
475,CE,First,Btech,1706225,CE,Male,"1)200m Heats,2)400m Heats"
474,CSE,Second,Btech,1706557,CSE,Female,"1)Discus Throw,2)Shot put final"
473,EE,Second,Btech,1706692,EE,Male,1)Long Jump
472,CE,First,Btech,1706238,CE,Male,"1)100mts Heats,2)200m Heats"
470,ECE,Fourth,Btech,1508400,ECE,Male,"1)100mts Heats,2)Javelin Throw,3)Long Jump,4)4x100m Inter-deptt.Relay Race"
469,CE,Second,Btech,1606419,CE,Male,"1)100mts Heats,2)400m Heats"
468,ECE,Third,Btech,1507865,ECE,Male,1)800m Final
467,ME,Third,Btech,1508209,ME,Male,"1)110m Hurdles Heat,2)Triple Jump,3)Long Jump"
466,ECE,Second,Btech,1606985,ECE,Male,"1)Discuss Throw,2)Shot put final"
465,ECE,Second,Btech,1607025,ECE,Male,"1)100mts Heats,2)400m Heats,3)4x100m Inter-deptt.Relay Race"
464,ME,Third,Btech,1607385,ME,Male,"1)100mts Heats,2)400m Heats"
463,CE,Third,Btech,1507533,CE,Male,"1)100mts Heats,2)High Jump,3)Long Jump"
462,ECE,Second,Btech,1607122,ECE,Male,"1)100mts Heats,2)400m Heats,3)4x100m Inter-deptt.Relay Race"
461,CE,Third,Btech,1507393,CE,Male,"1)100mts Heats,2)200m Heats"
460,EE,Second,B.Tech,1606836,EE,Male,"1)100mts Heats,2)Triple Jump,3)Long Jump,4)4x100m Inter-deptt.Relay Race"
459,ECE,Second,Btech,1607023,ECE,Male,"1)100mts Heats,2)200m Heats,3)4x100m Inter-deptt.Relay Race"
458,IT,Third,Btech,1507968,IT,Male,1)Shot put final
457,CSE,Second,Btech,1606663,CSE,Female,1)100mts Heats
456,CE,Third,Btech,1507392,CE,Male,"1)Hammer Throw Final,2)Discuss Throw,3)200m Heats"
455,ECE,Second,Btech,1607034,ECE,Male,"1)100mts Heats,2)200m Heats,3)4x100m Inter-deptt.Relay Race"
454,CE,Third,Btech,1507373,CE,Male,"1)200m Heats,2)Long Jump"
453,CE,Second,Btech,1606437,CE,Male,"1)400m Heats,2)Javelin Throw,3)Shot put final"
452,CSE,Second,Btech,1606639,CSE,Female,1)100mts Heats
451,ME,Third,Btech,1508208,ME,Male,"1)400m Heats,2)High Jump,3)Tug of War Prelims"
450,IT,Third,Btech,1607169,IT,Male,1)Shot put final
449,ECE,Second,Btech,1606956,ECE,Male,"1)100mts Heats,2)400m Heats,3)4x100m Inter-deptt.Relay Race"
448,ECE,Second,Btech,1607022,ECE,Male,"1)100mts Heats,2)400m Heats,3)Long Jump"
447,CSE,Second,Btech,1606674,CSE,Female,1)100mts Heats
446,CE,Third,Btech,1606588,CE,Male,"1)Discuss Throw,2)200m Heats"
445,CE,Third,Btech,1606587,CE,Male,"1)Javelin Throw,2)Long Jump"
444,CSE,Second,Btech,1606786,CSE,Male,"1)100mts Heats,2)400m Heats"
443,ECE,Second,Btech,1507870,ECE,Male,"1)100mts Heats,2)4x100m Inter-deptt.Relay Race"
442,ME,Third,Btech,1508179,ME,Male,"1)400m Heats,2)Javelin Throw,3)Tug of War Prelims"
441,CSE,Second,Btech,1606733,CSE,Female,"1)100mts Heats,2)Discus Throw,3)Shot put final"
440,ME,Second,B.Tech,1607352,ME,Male,"1)100mts Heats,2)Discuss Throw,3)Javelin Throw,4)Shot put final,5)4x100m Inter-deptt.Relay Race"
439,CSE,Second,Btech,1606785,CSE,Male,"1)100mts Heats,2)400m Heats"
438,CSE,First,Btech,1706437,CSE,Male,"1)100mts Heats,2)Long Jump"
437,CE,Third,Btech,1606583,CE,Male,"1)100mts Heats,2)Long Jump"
436,CSE,Second,B.Tech,1606741,CSE,Female,"1)3000 final,2)100mts Heats,3)Discus Throw,4)Shot put final"
435,ECE,Second,Btech,1607006,ECE,Male,"1)Long Jump,2)Tug of War Prelims"
434,ECE,Second,Btech,1606996,ECE,Male,"1)100mts Heats,2)Discuss Throw,3)200m Heats"
433,CSE,Second,B.Tech,1606751,CSE,Male,"1)800m Final,2)1500mts Final"
432,CSE,First,Btech,1706418,CSE,Male,"1)100mts Heats,2)Javelin Throw,3)Long Jump"
431,CE,Second,Btech,1606428,CE,Male,"1)100mts Heats,2)Long Jump"
430,ME,First,Btech,1707066,ME,Male,"1)400m Heats,2)Long Jump"
429,CE,First,Btech,1706144,CE,Male,1)100mts Heats
428,CSE,Second,Btech,1606690,CSE,Female,1)Long Jump
427,ME,First,Btech,1707074,ME,Male,"1)100mts Heats,2)High Jump,3)400m Heats,4)4x100m Inter-deptt.Relay Race"
426,ME,Second,Btech,1607378,ME,Male,"1)110m Hurdles Heat,2)Javelin Throw,3)Long Jump,4)4x100m Inter-deptt.Relay Race"
425,EE,First,Btech,1706602,EE,Male,"1)100mts Heats,2)4x100m Inter-deptt.Relay Race"
424,CE,First,Btech,1706163,CE,Male,1)100mts Heats
423,IT,Second,Btech,1607155,IT,Male,"1)100mts Heats,2)200m Heats"
422,CSE,Second,Btech,1606780,CSE,Male,"1)100mts Heats,2)400m Heats,3)Long Jump"
421,IT,Second,Btech,1607165,IT,Male,"1)Shot put final,2)Tug of War Prelims"
420,ME,Second,Btech,1607380,ME,Male,"1)Javelin Throw,2)Shot put final,3)Tug of War Prelims"
419,EE,First,Btech,1706634,EE,Male,"1)100mts Heats,2)4x100m Inter-deptt.Relay Race"
418,ECE,Second,Btech,1607017,ECE,Male,"1)200m Heats,2)Tug of War Prelims"
417,IT,Second,Btech,1607114,IT,Male,"1)100mts Heats,2)200m Heats,3)Long Jump"
416,IT,Second,Btech,1607154,IT,Male,"1)Shot put final,2)Tug of War Prelims"
415,ME,Third,Btech,1508144,ME,Male,"1)1500mts Final,2)High Jump,3)Shot put final,4)Tug of War Prelims,5)4x100m Inter-deptt.Relay Race"
414,ME,First,Btech,1707069,ME,Male,"1)High Jump,2)400m Heats,3)Long Jump"
413,ECE,Second,Btech,1606982,ECE,Male,"1)100mts Heats,2)200m Heats"
412,ME,First,Btech,1707065,ME,Male,1)1500mts Final
411,ME,Third,Btech,1508111,ME,Male,"1)100mts Heats,2)400m Heats,3)Shot put final"
410,CE,Second,Btech,1614094,CE,Male,"1)100mts Heats,2)400m Heats,3)Long Jump"
409,ME,First,Btech,1707112,ME,Male,"1)200m Heats,2)400m Heats,3)Long Jump"
408,EE,First,Btech,1706594,EE,Male,"1)800m Final,2)400m Heats,3)Javelin Throw,4)4x100m Inter-deptt.Relay Race"
407,ECE,Third,Btech,1507847,ECE,Male,1)100mts Heats
406,CSE,Second,Btech,1606781,CSE,Male,"1)100mts Heats,2)400m Heats"
405,CSE,First,Btech,1706438,CSE,Male,1)400m Heats
404,CSE,First,Btech,1706537,CSE,Male,1)400m Heats
403,ME,First,Btech,1707059,ME,Male,"1)1500mts Final,2)Discuss Throw,3)Javelin Throw"
402,EE,Second,Btech,1606886,EE,Male,"1)1500mts Final,2)Discuss Throw,3)Long Jump"
401,CSE,Third,Btech,1507682,CSE,Male,1)400m Heats
400,ME,Second,Btech,1607268,ME,Male,"1)800m Final,2)100mts Heats,3)Javelin Throw,4)Tug of War Prelims"
399,ME,Second,Btech,1607307,ME,Male,"1)100mts Heats,2)Long Jump"
398,ME,Second,Btech,1607311,ME,Male,"1)100mts Heats,2)Triple Jump,3)Long Jump"
397,ECE,First,Btech,1706733,ECE,Male,"1)100mts Heats,2)Discuss Throw,3)200m Heats,4)Tug of War Prelims"
396,ME,Third,Btech,1508150,ME,Male,1)400m Heats
395,CSE,Second,Btech,1706572,CSE,Male,"1)1500mts Final,2)100mts Heats,3)Discuss Throw"
394,ME,First,Btech,1707044,ME,Male,1)Long Jump
393,ME,Third,Btech,1508152,ME,Male,1)400m Heats
392,ME,Second,Btech,1607293,ME,Male,1)100mts Heats
391,ECE,Second,Btech,1606950,ECE,Male,1)100mts Heats
390,ME,First,Btech,1707072,ME,Male,"1)400m Heats,2)High Jump,3)Long Jump"
389,ME,Second,Btech,1607205,ME,Male,"1)100mts Heats,2)High Jump,3)Long Jump"
388,ME,Second,Btech,1607213,ME,Male,"1)Discuss Throw,2)Shot put final"
387,CE,Third,Btech,1507477,CE,Male,1)1500mts Final
386,EE,Second,Btech,1606898,EE,Male,1)100mts Heats
385,ME,Second,Btech,1607303,ME,Male,1)100mts Heats
384,IT,First,Btech,1706864,IT,Male,"1)Javelin Throw,2)Shot put final"
383,IT,Second,Btech,1607142,IT,Male,"1)Shot put final,2)Long Jump,3)Tug of War Prelims"
382,ME,Second,Btech,1607366,ME,Male,1)100mts Heats
381,IT,Third,Btech,1507972,IT,Male,"1)1500mts Final,2)100mts Heats"
380,CE,Second,Btech,1606421,CE,Male,1)100mts Heats
379,IT,First,Btech,1706853,IT,Male,"1)Javelin Throw,2)Shot put final"
378,ME,Second,Btech,1707144,ME,Male,1)5000m Final
377,CE,Second,Btech,1606577,CE,Male,"1)400m Heats,2)Tug of War Prelims"
376,CE,First,Btech,1706167,CE,Male,"1)100mts Heats,2)200m Heats"
375,IT,Third,Btech,1507958,IT,Male,"1)1500mts Final,2)100mts Heats"
374,IT,Second,Btech,1607143,IT,Male,1)100mts Heats
373,CE,Second,Btech,1606555,CE,Male,1)Long Jump
372,CE,Second,Btech,1606558,CE,Male,"1)400m Heats,2)Javelin Throw,3)Tug of War Prelims,4)4x100m Inter-deptt.Relay Race"
371,CSE,Second,Btech,1606656,CSE,Male,"1)Discuss Throw,2)Shot put final"
370,CE,Second,Btech,1606556,CE,Male,"1)100mts Heats,2)200m Heats"
369,IT,Third,Btech,1507810,IT,Male,"1)100mts Heats,2)Long Jump"
368,ME,Second,Btech,1607351,ME,Male,1)Shot put final
367,IT,Second,Btech,1607140,IT,Male,"1)100mts Heats,2)400m Heats,3)Tug of War Prelims"
366,EE,Second,Btech,1606904,EE,Male,"1)100mts Heats,2)200m Heats,3)Long Jump"
365,ME,Second,Btech,1707132,ME,Male,"1)1500mts Final,2)5000m Final,3)Long Jump"
364,CE,Second,Btech,1606544,CE,Male,"1)100mts Heats,2)200m Heats"
363,IT,Second,Btech,1607156,IT,Male,1)100mts Heats
362,IT,Second,Btech,1607162,IT,Male,"1)Long Jump,2)Tug of War Prelims"
361,ME,Second,Btech,1607299,ME,Male,1)100mts Heats
360,CSE,First,Btech,1706414,CSE,Male,"1)800m Final,2)100mts Heats"
359,CE,Second,Btech,1606524,CE,Male,1)Long Jump
358,CE,Second,Btech,1606493,CE,Male,"1)100mts Heats,2)400m Heats,3)Long Jump,4)4x100m Inter-deptt.Relay Race"
357,IT,Second,Btech,1607150,IT,Male,"1)100mts Heats,2)200m Heats,3)Long Jump"
356,IT,Second,Btech,1607148,IT,Male,"1)100mts Heats,2)Shot put final,3)Long Jump,4)4x100m Inter-deptt.Relay Race"
355,IT,Second,Btech,1607157,IT,Male,"1)100mts Heats,2)400m Heats"
354,EE,Second,Btech,1606820,EE,Male,"1)100mts Heats,2)Discuss Throw,3)4x100m Inter-deptt.Relay Race"
353,ME,Second,Btech,1707123,ME,Male,"1)100mts Heats,2)200m Heats"
352,IT,Second,Btech,1607134,IT,Male,"1)100mts Heats,2)Shot put final,3)Long Jump,4)4x100m Inter-deptt.Relay Race"
351,IT,Third,Btech,1507926,IT,Male,"1)800m Final,2)100mts Heats"
350,PE,Second,B.Tech,1607448,PE,Male,"1)1500mts Final,2)110m Hurdles Heat,3)Triple Jump,4)110m Hurdles Final"
349,IT,Second,Btech,1607109,IT,Male,"1)100mts Heats,2)200m Heats,3)Long Jump"
348,IT,Second,Btech,1607137,IT,Male,1)100mts Heats
347,ME,First,Btech,1707008,ME,Male,"1)Discuss Throw,2)Long Jump"
346,ME,Second,Btech,1607465,ME,Male,"1)100mts Heats,2)200m Heats,3)Long Jump,4)4x100m Inter-deptt.Relay Race"
345,IT,Second,Btech,1607128,IT,Male,"1)100mts Heats,2)200m Heats"
344,IT,Second,Btech,1607127,IT,Male,"1)100mts Heats,2)Shot put final,3)Long Jump,4)4x100m Inter-deptt.Relay Race"
343,ME,Second,Btech,1607199,ME,Male,"1)100mts Heats,2)200m Heats,3)Long Jump"
342,CE,Second,Btech,1614138,CE,Male,"1)100mts Heats,2)200m Heats,3)Long Jump,4)Tug of War Prelims"
341,IT,Third,Btech,1507925,IT,Male,"1)800m Final,2)100mts Heats,3)High Jump"
340,CE,Second,Btech,1706342,CE,Male,"1)400m Heats,2)Long Jump"
339,CSE,Second,Btech,1606777,CSE,Male,1)100mts Heats
338,CE,Second,Btech,1614135,CE,Male,"1)100mts Heats,2)200m Heats,3)4x100m Inter-deptt.Relay Race"
337,CSE,Second,Btech,1607221,CSE,Male,"1)100mts Heats,2)200m Heats,3)Shot put final"
336,IT,Third,Btech,1507966,IT,Male,"1)100mts Heats,2)400m Heats,3)4x100m Inter-deptt.Relay Race"
335,CSE,Second,Btech,1606745,CSE,Male,"1)100mts Heats,2)Long Jump,3)4x100m Inter-deptt.Relay Race"
334,ME,Second,Btech,1707157,ME,Male,"1)100mts Heats,2)Shot put final"
333,CSE,Second,Btech,1606739,CSE,Male,"1)100mts Heats,2)Shot put final,3)Long Jump"
332,CSE,Second,Btech,1606766,CSE,Male,"1)100mts Heats,2)Shot put final"
330,CE,Second,Btech,1606525,CE,Male,"1)1500mts Final,2)200m Heats"
329,CSE,Second,Btech,1606756,CSE,Male,"1)100mts Heats,2)Long Jump"
328,CSE,Second,Btech,1606651,CSE,Male,"1)100mts Heats,2)Discuss Throw,3)Long Jump"
327,ME,Second,Btech,1707148,ME,Male,"1)100mts Heats,2)Long Jump"
325,CE,First,Btech,1706148,CE,Male,"1)1500mts Final,2)400m Heats"
324,CSE,Second,Btech,1606732,CSE,Male,"1)Discuss Throw,2)Shot put final"
323,IT,Second,Btech,1607101,IT,Male,"1)100mts Heats,2)200m Heats,3)Shot put final,4)4x100m Inter-deptt.Relay Race"
322,ME,Second,B.Tech,1707158,ME,Male,"1)Shot put final,2)Long Jump"
321,ME,Second,Btech,1607209,ME,Male,"1)100mts Heats,2)200m Heats"
320,CE,First,Btech,1706316,CE,Male,"1)1500mts Final,2)100mts Heats,3)Long Jump"
319,CSE,Second,Btech,1606771,CSE,Male,"1)100mts Heats,2)Long Jump"
318,ME,Second,Btech,1607229,ME,Male,"1)100mts Heats,2)200m Heats,3)Long Jump,4)4x100m Inter-deptt.Relay Race"
317,CSE,Second,Btech,1606676,CSE,Male,"1)100mts Heats,2)Long Jump,3)Tug of War Prelims"
316,CSE,Second,Btech,1606635,CSE,Male,"1)200m Heats,2)1500mts Final,3)Tug of War Semi-final,4)4*400m Inter-deptt. Relay Race,5)Hammer Throw Final,6)Tug of war Final,7)Tug of War Prelims,8)4x100m Inter-deptt.Relay Race,9)4*400m Inter-deptt. Relay Race,10)4*400m Inter-deptt. Relay Race,11)100mts Heats,12)4x100m Inter-deptt.Relay Race"
314,EE,Third,B.Tech,1606943,EE,Male,
313,CSE,Second,Btech,1606658,CSE,Male,"1)100mts Heats,2)Tug of War Prelims,3)4x100m Inter-deptt.Relay Race"
312,CSE,Second,Btech,1606774,CSE,Male,"1)1500mts Final,2)Long Jump"
311,CSE,Second,Btech,1706544,CSE,Male,"1)1500mts Final,2)100mts Heats,3)Shot put final"
310,CSE,Second,Btech,1606765,CSE,Male,"1)1500mts Final,2)400m Heats,3)Long Jump"
309,EE,Third,Btech,1507745,EE,Male,"1)100mts Heats,2)Javelin Throw,3)Long Jump"
308,CE,Second,Btech,1706362,CE,Male,"1)100mts Heats,2)Discuss Throw,3)Shot put final,4)4x100m Inter-deptt.Relay Race"
307,EE,Third,Btech,1606919,EE,Male,"1)1500mts Final,2)100mts Heats"
306,CE,First,Btech,1706212,CE,Male,"1)1500mts Final,2)100mts Heats"
305,EE,Third,Btech,1606935,EE,Male,1)1500mts Final
304,CE,Third,Btech,1606628,CE,Male,"1)100mts Heats,2)Javelin Throw"
303,CSE,Second,Btech,1606783,CSE,Female,"1)Discus Throw,2)Shot put final"
302,IT,Second,Btech,1607113,IT,Male,"1)100mts Heats,2)Shot put final,3)Long Jump,4)4x100m Inter-deptt.Relay Race"
301,ME,Second,Btech,1607201,ME,Male,"1)800m Final,2)400m Heats,3)Discuss Throw"
300,CSE,Second,Btech,1606660,CSE,Male,"1)100mts Heats,2)Discuss Throw,3)Tug of War Prelims"
299,EE,Second,B.Tech,1606911,EE,Male,"1)100mts Heats,2)Long Jump,3)4x100m Inter-deptt.Relay Race"
298,CE,Third,Btech,1507463,CE,Male,"1)100mts Heats,2)200m Heats"
297,CSE,Second,Btech,1606861,CSE,Female,"1)3000 final,2)Discus Throw,3)Shot put final"
296,CSE,Second,Btech,1606734,CSE,Male,"1)1500mts Final,2)Long Jump"
295,CSE,Second,Btech,1606667,CSE,Male,"1)100mts Heats,2)200m Heats,3)Tug of War Prelims"
294,EE,Second,Btech,1606903,EE,Male,"1)100mts Heats,2)Long Jump,3)4x100m Inter-deptt.Relay Race"
293,ME,Second,Btech,1607460,ME,Male,"1)100mts Heats,2)200m Heats,3)Long Jump,4)4x100m Inter-deptt.Relay Race"
292,EE,Third,Btech,1606915,EE,Male,"1)1500mts Final,2)100mts Heats"
291,CE,Third,Btech,1507527,CE,Male,"1)100mts Heats,2)Javelin Throw,3)Shot put final"
290,ME,First,Btech,1707013,ME,Male,"1)100mts Heats,2)400m Heats"
289,CSE,Second,Btech,1606729,CSE,Male,"1)1500mts Final,2)100mts Heats,3)Long Jump"
288,IT,Second,Btech,1607218,IT,Male,"1)100mts Heats,2)Shot put final,3)Long Jump"
287,ME,Second,Btech,1607344,ME,Male,"1)1500mts Final,2)400m Heats,3)Shot put final"
286,CSE,Second,Btech,1606633,CSE,Male,"1)100mts Heats,2)400m Heats"
285,CSE,Second,Btech,1606749,CSE,Male,"1)1500mts Final,2)100mts Heats,3)Long Jump"
284,CE,Third,Btech,1507529,CE,Male,"1)100mts Heats,2)200m Heats"
283,ME,Second,Btech,1607267,ME,Male,"1)Javelin Throw,2)Shot put final"
282,CSE,Second,Btech,1606735,CSE,Male,"1)1500mts Final,2)100mts Heats,3)Long Jump"
281,CSE,Second,Btech,1606730,CSE,Male,"1)100mts Heats,2)400m Heats,3)Tug of War Prelims"
280,ME,Second,Btech,1607350,ME,Male,"1)100mts Heats,2)200m Heats,3)Long Jump,4)4x100m Inter-deptt.Relay Race"
279,CSE,Second,Btech,1606649,CSE,Male,"1)100mts Heats,2)Javelin Throw,3)Tug of War Prelims"
278,IT,Second,Btech,1607076,IT,Male,"1)100mts Heats,2)Shot put final,3)Long Jump"
277,CSE,Second,Btech,1606654,CSE,Male,"1)100mts Heats,2)Shot put final,3)Long Jump"
276,PE,Fourth,Btech,1411607,PE,Male,"1)100mts Heats,2)200m Heats"
275,CSE,First,Btech,1706529,CSE,Male,"1)Discuss Throw,2)Shot put final"
274,CSE,Second,Btech,1606750,CSE,Male,"1)100mts Heats,2)400m Heats,3)Tug of War Prelims"
273,CE,Second,Btech,1606408,CE,Male,"1)1500mts Final,2)400m Heats"
272,CE,Fourth,Btech,1410590,CE,Male,"1)100mts Heats,2)Long Jump"
271,IT,Second,Btech,1607153,IT,Female,"1)100mts Heats,2)Tug of War Prelims"
270,ME,First,B.Tech,1707012,ME,Male,"1)Long Jump,2)4x100m Inter-deptt.Relay Race"
269,CE,Fourth,Btech,1410576,CE,Male,"1)100mts Heats,2)Shot put final"
268,CE,Second,B.Tech,1606573,CE,Male,"1)100mts Heats,2)High Jump,3)200m Heats,4)4x100m Inter-deptt.Relay Race"
267,ME,First,Btech,1706994,ME,Male,"1)400m Heats,2)High Jump,3)Long Jump,4)4x100m Inter-deptt.Relay Race"
266,CE,Fourth,Btech,1410567,CE,Male,"1)100mts Heats,2)Shot put final"
265,CE,Fourth,Btech,1410595,CE,Male,"1)100mts Heats,2)Shot put final"
264,CSE,First,Btech,1706387,CSE,Male,1)400m Heats
263,CE,First,Btech,1706151,CE,Male,"1)1500mts Final,2)800m Final"
262,IT,Second,Btech,1607103,IT,Male,"1)100mts Heats,2)Discuss Throw,3)4x100m Inter-deptt.Relay Race"
261,CSE,Second,Btech,1706566,CSE,Female,"1)Discus Throw,2)Javelin Throw"
260,CE,Second,Btech,1606562,CE,Male,"1)100mts Heats,2)200m Heats"
259,ME,Third,Btech,1508206,ME,Male,"1)1500mts Final,2)800m Final,3)Long Jump"
258,CE,First,Btech,1706149,CE,Male,"1)800m Final,2)400m Heats"
257,ME,First,Btech,1707007,ME,Male,1)Javelin Throw
256,IT,Third,Btech,1507907,IT,Female,"1)100mts Heats,2)200m Heats,3)Shot put final"
255,ME,Third,Btech,1607408,ME,Male,"1)1500mts Final,2)800m Final,3)Long Jump"
254,IT,Fourth,Btech,1411291,IT,Male,"1)1500mts Final,2)400m Heats"
253,CSE,Fourth,Btech,1410797,CSE,Male,1)1500mts Final
252,IT,Third,Btech,1507894,IT,Female,"1)100mts Heats,2)200m Heats,3)Javelin Throw"
251,CE,Second,Btech,1606447,CE,Male,1)100mts Heats
250,CE,First,Btech,1706274,CE,Male,"1)800m Final,2)400m Heats,3)Long Jump"
249,CE,First,Btech,1706181,CE,Male,1)1500mts Final
248,IT,Second,Btech,1607083,IT,Male,"1)100mts Heats,2)Long Jump,3)Tug of War Prelims"
246,IT,First,Btech,1706886,IT,Male,"1)100mts Heats,2)Shot put final,3)4x100m Inter-deptt.Relay Race"
245,CE,First,Btech,1706244,CE,Male,"1)Shot put final,2)Long Jump"
244,CSE,Second,Btech,1606743,CSE,Male,"1)100mts Heats,2)400m Heats,3)Tug of War Prelims"
243,CSE,Second,Btech,1606740,CSE,Female,1)Shot put final
242,CSE,Second,Btech,1606726,CSE,Male,"1)100mts Heats,2)400m Heats"
241,CE,Second,Btech,1606410,CE,Male,"1)110m Hurdles Heat,2)Triple Jump,3)Long Jump,4)Tug of War Prelims"
240,CE,First,Btech,1706178,CE,Male,"1)100mts Heats,2)200m Heats"
239,CE,Second,Btech,1606441,CE,Male,"1)100mts Heats,2)200m Heats,3)Long Jump"
238,CSE,Second,Btech,1606764,CSE,Female,"1)100mts Heats,2)Triple Jump"
237,CSE,Second,Btech,1706545,CSE,Male,"1)Discuss Throw,2)Long Jump"
236,ME,Second,Btech,1607314,ME,Male,"1)100mts Heats,2)400m Heats,3)Long Jump,4)Tug of War Prelims"
235,CE,First,Btech,1706147,CE,Male,"1)800m Final,2)400m Heats,3)Long Jump"
234,IT,First,B.Tech,1706823,IT,Male,"1)1500mts Final,2)800m Final,3)Long Jump"
233,CE,Fourth,Btech,1410666,CE,Male,"1)100mts Heats,2)400m Heats,3)Long Jump,4)Tug of War Prelims"
232,CSE,Second,Btech,1606776,CSE,Female,"1)100mts Heats,2)Triple Jump,3)Long Jump"
231,CSE,Second,Btech,1606694,CSE,Male,"1)Discuss Throw,2)Long Jump"
230,ME,First,Btech,1706942,ME,Male,1)100mts Heats
229,CSE,Second,Btech,1606671,CSE,Male,"1)Javelin Throw,2)Long Jump,3)Tug of War Prelims"
228,IT,First,Btech,1706825,IT,Male,1)100mts Heats
227,CE,First,Btech,1706193,CE,Male,"1)800m Final,2)400m Heats"
226,ECE,Fourth,Btech,1411121,ECE,Male,"1)100mts Heats,2)400m Heats,3)Tug of War Prelims"
225,IT,First,Btech,1706829,IT,Female,"1)1500mts Final,2)200m Heats"
224,CE,Fourth,Btech,1410690,CE,Male,"1)100mts Heats,2)400m Heats,3)Long Jump"
223,IT,First,Btech,1721096,IT,Male,"1)High Jump,2)Long Jump"
222,CE,Third,Btech,1606603,CE,Male,"1)100mts Heats,2)200m Heats,3)Long Jump"
221,ME,Second,Btech,1607202,ME,Male,"1)400m Heats,2)200m Heats"
220,ME,Second,Btech,1607285,ME,Male,"1)110m Hurdles Heat,2)100mts Heats"
219,IT,First,Btech,1706873,IT,Female,"1)100mts Heats,2)200m Heats"
218,ECE,Fourth,Btech,1411117,ECE,Male,"1)100mts Heats,2)400m Heats,3)Tug of War Prelims"
217,ME,Second,Btech,1607195,ME,Male,"1)110m Hurdles Heat,2)100mts Heats"
216,CE,Third,Btech,1507484,CE,Male,"1)100mts Heats,2)Long Jump"
215,CSE,Second,Btech,1606773,CSE,Male,"1)100mts Heats,2)200m Heats,3)Tug of War Prelims"
214,ME,Second,Btech,16072821,ME,Male,"1)110m Hurdles Heat,2)100mts Heats,3)Long Jump"
213,IT,First,Btech,1706874,IT,Female,1)100mts Heats
212,ECE,Fourth,Btech,1411162,ECE,Male,"1)100mts Heats,2)400m Heats,3)Tug of War Prelims"
211,ME,Second,Btech,1607208,ME,Male,"1)100mts Heats,2)200m Heats"
210,CE,Third,Btech,1507464,CE,Male,"1)100mts Heats,2)200m Heats,3)Long Jump"
209,IT,First,Btech,1706852,IT,Female,1)100mts Heats
208,EE,Third,Btech,1507055,EE,Male,"1)100mts Heats,2)Long Jump"
207,CE,Second,Btech,1606433,CE,Male,"1)100mts Heats,2)200m Heats"
206,CE,Second,Btech,1606422,CE,Male,"1)1500mts Final,2)100mts Heats,3)Shot put final"
205,CE,Third,Btech,1507471,CE,Male,"1)110m Hurdles Heat,2)100mts Heats,3)Javelin Throw"
203,CSE,Second,Btech,1607301,CSE,Male,"1)400m Heats,2)Shot put final,3)Tug of War Prelims"
202,IT,Second,Btech,1607423,IT,Male,"1)100mts Heats,2)200m Heats"
201,CE,Third,Btech,1507365,CE,Male,1)200m Heats
200,CE,Third,Btech,1507371,CE,Male,1)400m Heats
199,CE,Second,B.Tech,1706339,CE,Female,"1)200m Heats,2)Javelin Throw,3)Long Jump"
198,CSE,Fourth,Btech,1410617,CSE,Male,1)1500mts Final
197,CSE,Second,Btech,1606697,CSE,Male,"1)100mts Heats,2)200m Heats"
196,EE,First,Btech,1706626,EE,Male,"1)100mts Heats,2)Javelin Throw,3)Long Jump"
195,ME,Second,Btech,1607325,ME,Male,"1)100mts Heats,2)High Jump"
194,CE,Third,Btech,1507423,CE,Male,1)400m Heats
193,EE,Third,Btech,1606942,EE,Male,"1)800m Final,2)100mts Heats,3)Long Jump"
192,CE,Third,Btech,1507351,CE,Male,"1)1500mts Final,2)200m Heats"
191,MCA,Fourth,MCA,16006375,MCA,Female,1)200m Heats
190,ME,Third,Btech,1507872,ME,Male,"1)1500mts Final,2)100mts Heats,3)Long Jump"
189,CSE,Second,Btech,1606779,CSE,Male,"1)100mts Heats,2)400m Heats,3)Long Jump,4)Tug of War Prelims"
188,CE,Second,Btech,1706365,CE,Female,"1)100mts Heats,2)Javelin Throw"
187,CE,Third,Btech,1507503,CE,Male,"1)400m Heats,2)200m Heats,3)Long Jump"
186,EE,Third,Btech,1606937,EE,Male,"1)800m Final,2)100mts Heats,3)Long Jump"
185,EE,Second,Btech,16069101,EE,Male,"1)100mts Heats,2)Long Jump"
184,CE,Third,Btech,1542619,CE,Male,"1)200m Heats,2)Javelin Throw,3)Shot put final"
183,IT,First,Btech,1706833,IT,Female,"1)100mts Heats,2)Discus Throw"
182,ME,Second,Btech,1607203,ME,Male,"1)100mts Heats,2)200m Heats,3)Long Jump"
181,CSE,Second,Btech,1606661,CSE,Male,"1)100mts Heats,2)Discuss Throw,3)Javelin Throw"
180,CE,Third,Btech,1507517,CE,Male,"1)100mts Heats,2)200m Heats,3)Triple Jump"
179,ME,Second,Btech,1606887,ME,Male,"1)100mts Heats,2)200m Heats"
178,CSE,Second,Btech,1606723,CSE,Male,"1)100mts Heats,2)High Jump,3)Javelin Throw,4)100mts Heats,5)400m Heats"
177,IT,First,Btech,1706832,IT,Female,1)100mts Heats
176,CE,Third,Btech,1507485,CE,Male,"1)100mts Heats,2)200m Heats,3)Shot put final"
175,CE,Third,Btech,1507469,CE,Male,"1)100mts Heats,2)200m Heats,3)Long Jump"
174,CE,Third,Btech,1507421,CE,Male,"1)110m Hurdles Heat,2)200m Heats,3)Long Jump,4)4x100m Inter-deptt.Relay Race"
173,IT,Third,Btech,1507903,IT,Male,"1)Triple Jump,2)Long Jump,3)4x100m Inter-deptt.Relay Race"
172,PE,Third,Btech,1507459,PE,Male,"1)200m Heats,2)Javelin Throw,3)Shot put final"
171,ME,Second,Btech,1607373,ME,Male,"1)1500mts Final,2)200m Heats,3)Long Jump"
170,CE,Second,Btech,1606494,CE,Male,"1)100mts Heats,2)400m Heats"
169,CE,Third,Btech,1606585,CE,Male,"1)100mts Heats,2)Long Jump"
168,CE,Third,Btech,1507877,CE,Male,"1)200m Heats,2)Javelin Throw,3)Shot put final"
167,IT,First,B.Tech,1706834,IT,Female,1)Shot put final
166,ME,Third,Btech,1508057,ME,Male,"1)Triple Jump,2)Long Jump"
165,CSE,Second,Btech,1706570,CSE,Male,"1)1500mts Final,2)400m Heats,3)Long Jump"
164,CE,Third,Btech,1507492,CE,Male,"1)100mts Heats,2)200m Heats"
163,ME,Second,Btech,1607273,ME,Male,1)100mts Heats
162,CE,Second,Btech,1706344,CE,Female,1)Javelin Throw
161,ME,Second,Btech,1607254,ME,Male,"1)100mts Heats,2)Javelin Throw,3)Shot put final"
160,ME,Second,Btech,1607332,ME,Male,"1)100mts Heats,2)400m Heats"
159,CE,Second,Btech,1606545,CE,Male,"1)100mts Heats,2)200m Heats,3)Long Jump"
158,CE,Third,Btech,1606616,CE,Male,"1)100mts Heats,2)200m Heats"
157,CE,Second,Btech,1706373,CE,Male,"1)100mts Heats,2)400m Heats,3)Long Jump,4)Tug of War Prelims"
156,CE,Fourth,Btech,1410589,CE,Male,1)1500mts Final
155,CE,Second,B.Tech,1606465,CE,Male,"1)110m Hurdles Heat,2)100mts Heats,3)Long Jump,4)4x100m Inter-deptt.Relay Race"
154,ME,Third,Btech,1508221,ME,Male,"1)400m Heats,2)High Jump,3)200m Heats"
153,IT,First,Btech,1706820,IT,Female,1)100mts Heats
152,ME,First,Btech,1706941,ME,Male,"1)110m Hurdles Heat,2)High Jump"
151,CE,Second,Btech,1606568,CE,Male,"1)1500mts Final,2)400m Heats"
150,CE,Third,Btech,1507445,CE,Male,"1)1500mts Final,2)110m Hurdles Heat,3)Javelin Throw"
149,CE,Third,Btech,1507473,CE,Male,"1)1500mts Final,2)800m Final,3)Long Jump"
147,CE,Second,Btech,1606549,CE,Male,"1)100mts Heats,2)400m Heats,3)Long Jump"
146,IT,First,Btech,1706840,IT,Female,1)100mts Heats
145,ME,First,Btech,1706998,ME,Male,"1)100mts Heats,2)Shot put final,3)Long Jump"
144,CE,Second,Btech,1606394,CE,Male,"1)100mts Heats,2)400m Heats,3)Long Jump,4)4x100m Inter-deptt.Relay Race"
143,IT,First,Btech,1706814,IT,Female,1)100mts Heats
142,EE,Third,Btech,1606930,EE,Male,"1)1500mts Final,2)100mts Heats,3)Javelin Throw"
141,ME,Second,Btech,1607382,ME,Male,"1)100mts Heats,2)200m Heats"
140,CE,Second,Btech,1606571,CE,Male,"1)1500mts Final,2)800m Final,3)Tug of War Prelims"
139,CE,Second,Btech,1606440,CE,Male,"1)100mts Heats,2)High Jump,3)Long Jump"
138,CE,Second,Btech,1606501,CE,Male,"1)100mts Heats,2)200m Heats,3)4x100m Inter-deptt.Relay Race"
136,EE,First,Btech,1706606,EE,Male,"1)1500mts Final,2)100mts Heats"
134,EE,First,Btech,1706645,EE,Male,"1)Long Jump,2)Tug of War Prelims"
133,ECE,Second,Btech,1706806,ECE,Male,"1)1500mts Final,2)400m Heats"
132,CSE,Second,Btech,1606778,CSE,Male,"1)100mts Heats,2)400m Heats,3)Long Jump,4)4x100m Inter-deptt.Relay Race"
131,IT,First,B.Tech,1706845,IT,Female,"1)200m Heats,2)undefined,3)undefined,4)undefined"
130,ME,First,Btech,1707056,ME,Male,"1)1500mts Final,2)400m Heats,3)Long Jump"
129,CE,First,B.Tech,1706258,CE,Male,"1)100mts Heats,2)200m Heats,3)Long Jump,4)4x100m Inter-deptt.Relay Race"
128,CE,Third,Btech,1507512,CE,Male,"1)100mts Heats,2)Shot put final"
127,ECE,Second,Btech,1606954,ECE,Male,"1)100mts Heats,2)200m Heats"
126,IT,First,Btech,1706861,IT,Female,1)100mts Heats
125,ECE,First,Btech,1706774,ECE,Male,"1)100mts Heats,2)200m Heats"
124,CSE,Fourth,Btech,1410834,CSE,Male,1)100mts Heats
123,ME,Second,Btech,1607341,ME,Male,1)Shot put final
122,ECE,First,Btech,1706776,ECE,Male,"1)100mts Heats,2)High Jump,3)Long Jump"
121,IT,First,Btech,1706821,IT,Female,1)100mts Heats
120,ME,Second,Btech,1607274,ME,Male,"1)100mts Heats,2)Shot put final"
119,CE,Second,Btech,1606551,CE,Male,"1)100mts Heats,2)200m Heats"
118,CSE,Second,Btech,1606719,CSE,Male,"1)100mts Heats,2)200m Heats"
117,ME,Second,B.Tech,1707155,ME,Male,"1)100mts Heats,2)200m Heats,3)Triple Jump,4)4x100m Inter-deptt.Relay Race"
116,IT,First,Btech,1706848,IT,Female,1)100mts Heats
115,ECE,First,Btech,1706793,ECE,Male,"1)100mts Heats,2)200m Heats,3)Long Jump"
114,ECE,First,Btech,1706712,ECE,Male,"1)100mts Heats,2)Long Jump"
113,CE,Third,Btech,1606617,CE,Male,"1)100mts Heats,2)Javelin Throw,3)Long Jump"
112,CE,Second,Btech,1606536,CE,Male,"1)100mts Heats,2)400m Heats,3)Discuss Throw,4)4x100m Inter-deptt.Relay Race"
111,ME,Second,Btech,1607272,ME,Male,"1)100mts Heats,2)200m Heats"
110,ECE,First,Btech,1706752,ECE,Male,"1)100mts Heats,2)Long Jump"
109,IT,First,Btech,1706862,IT,Female,1)1500mts Final
108,CSE,Second,Btech,1606742,CSE,Male,"1)100mts Heats,2)400m Heats"
107,ECE,Second,Btech,1607003,ECE,Male,1)1500mts Final
106,ECE,First,Btech,1706710,ECE,Male,"1)100mts Heats,2)200m Heats,3)Long Jump"
105,ECE,First,Btech,1706709,ECE,Male,"1)100mts Heats,2)Long Jump"
104,CE,Third,Btech,1606622,CE,Male,"1)100mts Heats,2)Javelin Throw"
103,CSE,Second,Btech,1606643,CSE,Male,"1)100mts Heats,2)400m Heats"
102,CE,Second,Btech,1606484,CE,Male,"1)400m Heats,2)200m Heats,3)Shot put final"
101,MBA,First,MBA,1707340,MBA,Male,"1)400m Heats,2)200m Heats,3)4x100m Inter-deptt.Relay Race"
100,ECE,First,Btech,1706700,ECE,Male,"1)100mts Heats,2)Long Jump"
99,CSE,Second,Btech,1607463,CSE,Male,"1)100mts Heats,2)Discuss Throw,3)Javelin Throw"
98,ME,Second,Btech,1607357,ME,Male,"1)100mts Heats,2)200m Heats"
97,CE,Third,Btech,1507513,CE,Male,1)100mts Heats
96,ME,Second,Btech,1607262,ME,Male,"1)400m Heats,2)200m Heats,3)Shot put final"
95,ME,Second,Btech,1607326,ME,Male,"1)100mts Heats,2)200m Heats"
94,ECE,Second,Btech,1607444,ECE,Male,"1)100mts Heats,2)110m Hurdles Final"
93,CE,Third,Btech,1507494,CE,Male,1)100mts Heats
92,ME,Second,Btech,1607256,ME,Male,"1)100mts Heats,2)200m Heats"
91,EE,Third,Btech,1606939,EE,Male,"1)Discuss Throw,2)Shot put final"
90,ME,Second,Btech,1607320,ME,Male,"1)100mts Heats,2)200m Heats"
89,ME,First,B.Tech,1707061,ME,Male,"1)100mts Heats,2)200m Heats,3)4x100m Inter-deptt.Relay Race"
88,ECE,Third,Btech,1507869,ECE,Male,"1)100mts Heats,2)200m Heats,3)Long Jump"
87,ME,Third,B.Tech,1508116,ME,Male,"1)1500mts Final,2)800m Final"
86,ECE,Second,Btech,1607429,ECE,Male,1)1500mts Final
85,EE,Second,Btech,1606851,EE,Male,"1)1500mts Final,2)4*400m Inter-deptt. Relay Race,3)Javelin Throw"
84,CE,Third,Btech,1507436,CE,Male,1)1500mts Final
83,ECE,First,Btech,1706786,ECE,Male,"1)100mts Heats,2)Shot put final,3)Long Jump"
82,EE,Fourth,Btech,1411009,EE,Male,"1)100mts Heats,2)400m Heats,3)Long Jump"
81,ECE,Third,B.Tech,1507878,ECE,Female,"1)1500mts Final,2)800m Final,3)4*400m Inter-deptt. Relay Race"
80,ME,Second,Btech,1607372,ME,Male,"1)100mts Heats,2)200m Heats"
79,IT,Fourth,Btech,1411289,IT,Male,"1)1500mts Final,2)400m Heats"
78,ECE,Third,Btech,1507867,ECE,Male,1)1500mts Final
77,CE,First,Btech,1706146,CE,Male,"1)100mts Heats,2)200m Heats"
76,IT,First,Btech,1706818,IT,Male,"1)100mts Heats,2)High Jump,3)200m Heats,4)Tug of War Prelims"
75,EE,Second,Btech,1606859,EE,Male,"1)100mts Heats,2)400m Heats,3)4x100m Inter-deptt.Relay Race"
74,IT,Fourth,Btech,1411281,IT,Male,"1)1500mts Final,2)400m Heats"
73,ECE,Third,Btech,1507876,ECE,Male,1)1500mts Final
72,ECE,First,Btech,1706778,ECE,Male,1)100mts Heats
71,CE,First,Btech,1706189,CE,Male,"1)100mts Heats,2)200m Heats"
70,EE,Second,Btech,1606877,EE,Male,"1)110m Hurdles Heat,2)400m Heats,3)4x100m Inter-deptt.Relay Race"
69,IT,Fourth,Btech,1411285,IT,Male,1)1500mts Final
68,CE,Second,Btech,1706358,CE,Male,"1)1500mts Final,2)Long Jump"
67,EE,First,Btech,1706646,EE,Male,1)100mts Heats
66,CE,First,Btech,1706275,CE,Male,"1)1500mts Final,2)100mts Heats,3)Long Jump"
65,ME,First,Btech,1707077,ME,Male,1)100mts Heats
64,IT,First,Btech,1706819,IT,Male,"1)100mts Heats,2)200m Heats"
62,CE,Second,Btech,1706352,CE,Male,"1)1500mts Final,2)Long Jump"
61,IT,First,Btech,1706838,IT,Male,"1)100mts Heats,2)200m Heats"
60,IT,Second,Btech,1607126,IT,Male,"1)High Jump,2)Javelin Throw,3)4x100m Inter-deptt.Relay Race"
59,EE,Second,Btech,1706678,EE,Male,"1)400m Heats,2)200m Heats,3)Triple Jump,4)Tug of War Prelims"
58,ME,Second,Btech,1607277,ME,Male,"1)100mts Heats,2)400m Heats"
56,EE,Second,Btech,1606890,EE,Male,"1)1500mts Final,2)400m Heats,3)Long Jump"
55,ECE,Second,Btech,1606965,ECE,Male,"1)100mts Heats,2)400m Heats,3)4x100m Inter-deptt.Relay Race"
54,ME,Second,Btech,1607236,ME,Male,"1)1500mts Final,2)100mts Heats,3)High Jump,4)Tug of War Prelims"
53,EE,Second,Btech,1606866,EE,Male,"1)100mts Heats,2)400m Heats"
52,MCA,Third,MCA,1606378,MCA,Male,1)1500mts Final
51,ME,Second,Btech,1607305,ME,Male,"1)200m Heats,2)1500mts Final,3)4x100m Inter-deptt.Relay Race"
50,ECE,Second,Btech,1606981,ECE,Male,"1)100mts Heats,2)400m Heats,3)Long Jump,4)4x100m Inter-deptt.Relay Race"
48,ME,Second,Btech,1607204,ME,Male,"1)1500mts Final,2)Tug of War Prelims"
47,ME,First,Btech,1707020,ME,Male,1)100mts Heats
45,EE,Second,Btech,1606896,EE,Male,"1)100mts Heats,2)400m Heats,3)4x100m Inter-deptt.Relay Race"
44,CE,First,Btech,1706157,CE,Male,"1)100mts Heats,2)High Jump,3)200m Heats"
43,ME,Second,Btech,1607232,ME,Male,1)100mts Heats
42,CE,First,Btech,1706176,CE,Male,"1)100mts Heats,2)200m Heats"
41,ME,Second,Btech,1607197,ME,Male,"1)100mts Heats,2)Long Jump"
40,EE,Second,Btech,1606913,EE,Male,"1)1500mts Final,2)400m Heats,3)4x100m Inter-deptt.Relay Race"
39,ME,Second,Btech,1607244,ME,Male,1)100mts Heats
38,IT,First,Btech,1706816,IT,Male,"1)100mts Heats,2)200m Heats"
37,ME,Third,Btech,1508135,ME,Male,"1)1500mts Final,2)800m Final,3)Long Jump"
36,CE,Second,Btech,1606553,CE,Male,"1)1500mts Final,2)800m Final,3)Tug of War Prelims"
35,ECE,First,Btech,1706707,ECE,Male,"1)1500mts Final,2)200m Heats,3)4x100m Inter-deptt.Relay Race"
34,ECE,Second,Btech,1607000,ECE,Male,"1)100mts Heats,2)400m Heats,3)Long Jump"
33,CE,Second,Btech,1706353,CE,Male,"1)1500mts Final,2)800m Final,3)Long Jump,4)Tug of War Prelims"
31,IT,Second,Btech,1507963,IT,Male,"1)100mts Heats,2)Javelin Throw"
30,ME,Second,Btech,1607327,ME,Male,"1)100mts Heats,2)400m Heats,3)Shot put final"
29,CE,Second,Btech,1606542,CE,Male,"1)1500mts Final,2)Shot put final,3)Tug of War Prelims"
28,CSE,Fourth,Btech,1410810,CSE,Female,1)100mts Heats
26,CSE,Fourth,Btech,1410832,CSE,Female,1)100m Hurdles Final
25,IT,Second,B.Tech,1607086,IT,Male,"1)100mts Heats,2)Long Jump,3)4x100m Inter-deptt.Relay Race"
24,ME,First,Btech,1706981,ME,Male,"1)110m Hurdles Heat,2)Javelin Throw,3)Long Jump"
23,CSE,Fourth,Btech,1410878,CSE,Female,"1)1500mts Final,2)100mts Heats,3)4x100m Inter-deptt.Relay Race"
22,CSE,Second,Btech,1606736,CSE,Male,"1)100mts Heats,2)200m Heats,3)Long Jump"
21,IT,Second,B.Tech,1607077,IT,Male,"1)100mts Heats,2)Javelin Throw,3)4x100m Inter-deptt.Relay Race"
20,CSE,Fourth,Btech,1410821,CSE,Female,"1)400m Final,2)100mts Heats,3)High Jump,4)4x100m Inter-deptt.Relay Race"
19,IT,Second,Btech,1607075,IT,Male,"1)100mts Heats,2)Javelin Throw,3)4x100m Inter-deptt.Relay Race"
18,CSE,Fourth,Btech,1410808,CSE,Female,"1)1500mts Final,2)400m Final,3)High Jump,4)4x100m Inter-deptt.Relay Race"
17,CSE,Third,Btech,1507511,CSE,Male,1)100mts Heats
16,CSE,Fourth,Btech,1410890,CSE,Female,"1)1500mts Final,2)100mts Heats,3)200m Heats"
15,CE,First,Btech,1706214,CE,Male,"1)100mts Heats,2)110m Hurdles Final"
14,CSE,Second,Btech,1606701,CSE,Male,"1)100mts Heats,2)Long Jump"
13,CE,First,Btech,1706205,CE,Male,"1)800m Final,2)400m Heats"
12,CSE,Second,Btech,1606634,CSE,Male,"1)100mts Heats,2)Long Jump"
11,ME,First,Btech,1707021,ME,Male,"1)100mts Heats,2)Discuss Throw,3)Tug of war Final"
10,ME,Second,Btech,1707145,ME,Male,"1)1500mts Final,2)Discuss Throw,3)Javelin Throw"
9,CSE,First,Btech,1706405,CSE,Male,1)400m Heats
8,ME,Second,Btech,1707126,ME,Male,"1)1500mts Final,2)Discuss Throw,3)Javelin Throw"
7,ME,First,Btech,1706966,ME,Male,"1)110m Hurdles Final,2)Long Jump"
6,ME,First,Btech,1707014,ME,Male,"1)1500mts Final,2)400m Heats"
5,IT,First,Btech,1706817,IT,Male,"1)100mts Heats,2)200m Heats"
4,ECE,Second,Btech,1606958,ECE,Male,"1)100mts Heats,2)400m Heats"
3,CSE,Second,Btech,1606761,CSE,Male,"1)100mts Heats,2)400m Heats"
2,IT,Third,Btech,1507924,IT,Male,"1)Discuss Throw,2)Javelin Throw"
1,CE,First,Btech,1706188,CE,Male,"1)Discuss Throw,2)Shot put final"